Date,IV
11-03-2008,35.3425
12-03-2008,33.995
13-03-2008,33.2075
14-03-2008,34.36714286
17-03-2008,33.37142857
18-03-2008,33.90111111
19-03-2008,34.1325
24-03-2008,34.4675
25-03-2008,35.4925
26-03-2008,35.46
27-03-2008,35.295
28-03-2008,35.7425
31-03-2008,35.62428571
01-04-2008,35.6675
02-04-2008,35.51222222
03-04-2008,35.04333333
04-04-2008,35.43857143
07-04-2008,35.5825
08-04-2008,35.11
09-04-2008,34.65833333
10-04-2008,34.91083333
11-04-2008,34.67916667
15-04-2008,34.54526316
16-04-2008,34.49894737
17-04-2008,34.21
21-04-2008,33.64473684
22-04-2008,33.20315789
23-04-2008,33.43526316
24-04-2008,33.38631579
25-04-2008,33.6369697
28-04-2008,33.31333333
29-04-2008,33.07424242
30-04-2008,32.80030303
02-05-2008,32.60575758
05-05-2008,32.34878788
06-05-2008,32.12787879
07-05-2008,31.84787879
08-05-2008,31.66454545
09-05-2008,31.43757576
12-05-2008,31.12515152
13-05-2008,31.00424242
14-05-2008,30.95030303
15-05-2008,30.82666667
16-05-2008,30.7925
20-05-2008,30.15424242
21-05-2008,29.90939394
22-05-2008,29.68878788
23-05-2008,29.68151515
26-05-2008,30.435
27-05-2008,32.44
28-05-2008,32.6225
29-05-2008,32.065
30-05-2008,31.29428571
02-06-2008,31.12571429
03-06-2008,31.025
04-06-2008,30.94722222
05-06-2008,30.90018519
06-06-2008,30.82925926
09-06-2008,30.81462963
10-06-2008,30.79611111
11-06-2008,30.825
12-06-2008,30.655
13-06-2008,30.43611111
16-06-2008,30.41
17-06-2008,30.28578947
18-06-2008,30.34368421
19-06-2008,30.26111111
20-06-2008,30.53
23-06-2008,30.3225
24-06-2008,30.8625
25-06-2008,31.42
26-06-2008,32.455
27-06-2008,33.62
30-06-2008,33.89
01-07-2008,33.1175
02-07-2008,32.72285714
03-07-2008,33.33142857
04-07-2008,33.64714286
07-07-2008,34.6825
08-07-2008,36.15
09-07-2008,36.315
10-07-2008,35.8175
11-07-2008,35.29714286
14-07-2008,34.95857143
15-07-2008,34.62222222
16-07-2008,36.615
17-07-2008,36.3475
18-07-2008,36.93
21-07-2008,38.115
22-07-2008,36.78
23-07-2008,37.14285714
24-07-2008,38.03714286
25-07-2008,38.5225
28-07-2008,38.975
29-07-2008,43.6025
30-07-2008,49.5925
31-07-2008,52.45
01-08-2008,51.6425
04-08-2008,47.75
05-08-2008,46.79857143
06-08-2008,45.85142857
07-08-2008,44.24111111
08-08-2008,43.50555556
11-08-2008,42.43916667
12-08-2008,41.69583333
13-08-2008,40.99583333
14-08-2008,39.96526316
18-08-2008,39.91210526
19-08-2008,39.63631579
20-08-2008,39.60315789
21-08-2008,39.40210526
22-08-2008,39.20526316
25-08-2008,38.86157895
26-08-2008,38.39052632
27-08-2008,38.27
28-08-2008,38.28909091
29-08-2008,38.29818182
01-09-2008,38.3030303
02-09-2008,37.74272727
04-09-2008,37.7230303
05-09-2008,37.59848485
08-09-2008,37.48939394
09-09-2008,37.19515152
10-09-2008,37.03787879
11-09-2008,36.86666667
12-09-2008,36.63757576
15-09-2008,36.27818182
16-09-2008,36.16888889
17-09-2008,36.24185185
18-09-2008,36.28944444
19-09-2008,36.36685185
22-09-2008,36.8925
23-09-2008,37.66
24-09-2008,38.8475
25-09-2008,37.86
26-09-2008,37.01142857
29-09-2008,37.00714286
30-09-2008,36.54611111
01-10-2008,36.79333333
03-10-2008,36.38777778
06-10-2008,36.46185185
07-10-2008,36.43240741
08-10-2008,36.48888889
10-10-2008,36.87
13-10-2008,37.9275
14-10-2008,41.1125
15-10-2008,42.91
16-10-2008,44.595
17-10-2008,46.715
20-10-2008,46.7725
21-10-2008,49.4325
22-10-2008,51.915
23-10-2008,53.65
24-10-2008,55.7125
27-10-2008,52.805
28-10-2008,55.68
29-10-2008,54.47857143
31-10-2008,56.7125
03-11-2008,62.425
04-11-2008,62.51
05-11-2008,66.6725
06-11-2008,66.2725
07-11-2008,64.7225
10-11-2008,66.11571429
11-11-2008,65.46
12-11-2008,65.95111111
14-11-2008,67.1475
17-11-2008,67.8625
18-11-2008,73.205
19-11-2008,72.6225
20-11-2008,70.1775
21-11-2008,69.12428571
24-11-2008,68.76285714
25-11-2008,67.90444444
26-11-2008,67.07888889
28-11-2008,65.97263158
01-12-2008,65.39842105
02-12-2008,64.70947368
03-12-2008,63.99684211
04-12-2008,63.60263158
05-12-2008,62.81789474
08-12-2008,62.28631579
10-12-2008,61.39473684
11-12-2008,60.72393939
12-12-2008,60.59515152
15-12-2008,60.43393939
16-12-2008,60.22575758
17-12-2008,60.20787879
18-12-2008,59.52333333
19-12-2008,59.5230303
22-12-2008,58.81272727
23-12-2008,57.99787879
24-12-2008,57.3269697
26-12-2008,56.71
29-12-2008,56.05575758
30-12-2008,55.50242424
31-12-2008,54.87537037
01-01-2009,54.945
02-01-2009,54.98222222
05-01-2009,54.87444444
06-01-2009,54.72833333
07-01-2009,54.59240741
09-01-2009,54.52851852
12-01-2009,54.54888889
13-01-2009,54.37648148
14-01-2009,54.32962963
15-01-2009,54.30592593
16-01-2009,54.12444444
19-01-2009,54.10222222
20-01-2009,53.67555556
21-01-2009,53.6662963
22-01-2009,53.24148148
23-01-2009,52.81925926
27-01-2009,52.19277778
28-01-2009,51.83555556
29-01-2009,51.35425926
30-01-2009,51.00166667
02-02-2009,50.53648148
03-02-2009,50.16481481
04-02-2009,49.83611111
05-02-2009,49.35037037
06-02-2009,48.86592593
09-02-2009,48.37757576
10-02-2009,48.50343434
11-02-2009,48.62030303
12-02-2009,48.78414141
13-02-2009,48.91070707
16-02-2009,48.99565657
17-02-2009,49.08222222
18-02-2009,49.12707071
19-02-2009,49.16666667
20-02-2009,49.21787879
24-02-2009,49.28323232
25-02-2009,49.38010101
26-02-2009,49.45939394
27-02-2009,49.51909091
02-03-2009,49.57676768
03-03-2009,49.63909091
04-03-2009,49.7289899
05-03-2009,49.80646465
06-03-2009,49.88535354
09-03-2009,49.87191919
12-03-2009,49.88909091
13-03-2009,49.88050505
16-03-2009,49.77020202
17-03-2009,49.67070707
18-03-2009,49.59393939
19-03-2009,49.49676768
20-03-2009,49.38828283
23-03-2009,49.17464646
24-03-2009,48.98909091
25-03-2009,48.80828283
26-03-2009,48.53767677
27-03-2009,48.45111111
30-03-2009,48.14444444
31-03-2009,48.09141414
01-04-2009,47.79979798
02-04-2009,47.47838384
06-04-2009,47.17090909
08-04-2009,46.96454545
09-04-2009,46.73020202
13-04-2009,46.54222222
15-04-2009,46.33353535
16-04-2009,46.17454545
17-04-2009,47.1575
20-04-2009,48.9725
21-04-2009,50.8875
22-04-2009,52.2925
23-04-2009,54.135
24-04-2009,55.905
27-04-2009,54.295
28-04-2009,53.2425
29-04-2009,52.80428571
04-05-2009,51.89555556
05-05-2009,51.75555556
06-05-2009,51.47
07-05-2009,51.52833333
08-05-2009,51.85833333
11-05-2009,53.38
12-05-2009,56.005
13-05-2009,55.78
14-05-2009,54.7725
15-05-2009,53.75857143
18-05-2009,53.53428571
19-05-2009,52.84333333
20-05-2009,53.60888889
21-05-2009,53.16777778
22-05-2009,52.93916667
25-05-2009,52.80833333
26-05-2009,51.8875
27-05-2009,51.5
28-05-2009,51.01368421
29-05-2009,50.90578947
01-06-2009,50.41947368
02-06-2009,50.34818182
03-06-2009,50.18090909
04-06-2009,49.95818182
05-06-2009,49.67939394
08-06-2009,49.36878788
09-06-2009,49.00666667
10-06-2009,48.61636364
11-06-2009,48.08926174
12-06-2009,47.99563758
15-06-2009,47.9642953
16-06-2009,47.86503356
17-06-2009,47.83946309
18-06-2009,49.32
19-06-2009,52.735
22-06-2009,51.795
23-06-2009,53.255
24-06-2009,50.80714286
25-06-2009,49.30857143
26-06-2009,48.86571429
29-06-2009,47.99907407
30-06-2009,47.93907407
01-07-2009,47.92055556
02-07-2009,47.85740741
03-07-2009,47.78074074
06-07-2009,47.69462963
07-07-2009,47.49259259
08-07-2009,47.15833333
09-07-2009,46.85722222
10-07-2009,46.46388889
13-07-2009,46.44909548
14-07-2009,46.46844221
15-07-2009,46.49165829
16-07-2009,46.50688442
17-07-2009,46.52040201
20-07-2009,46.52994975
21-07-2009,46.51693467
22-07-2009,46.50422111
23-07-2009,46.50005025
24-07-2009,46.47648241
27-07-2009,46.48080402
28-07-2009,46.49738693
29-07-2009,46.50798995
30-07-2009,46.52020101
31-07-2009,46.52221106
03-08-2009,46.54065327
04-08-2009,46.56854271
05-08-2009,46.58386935
06-08-2009,46.57080402
07-08-2009,46.56236181
10-08-2009,46.57
11-08-2009,46.52829146
12-08-2009,46.48663317
13-08-2009,46.46879397
14-08-2009,46.44361809
17-08-2009,46.43115578
18-08-2009,46.37768844
19-08-2009,46.32261307
20-08-2009,46.24954774
21-08-2009,46.15839196
24-08-2009,46.12326633
25-08-2009,45.97758794
26-08-2009,45.99165829
27-08-2009,45.83045226
28-08-2009,45.6620603
31-08-2009,45.48834171
01-09-2009,45.34944724
02-09-2009,45.18979899
03-09-2009,45.05316583
04-09-2009,44.88678392
07-09-2009,44.72974874
08-09-2009,44.55497487
09-09-2009,44.36075377
10-09-2009,44.16768844
11-09-2009,43.90361809
14-09-2009,43.73532663
15-09-2009,43.58874372
16-09-2009,43.41110553
17-09-2009,43.22949749
18-09-2009,43.05090452
22-09-2009,42.88155779
23-09-2009,42.73376884
24-09-2009,42.57834171
25-09-2009,42.42306533
29-09-2009,42.28140704
30-09-2009,42.13768844
01-10-2009,42.00417085
05-10-2009,41.8701005
06-10-2009,41.76175879
07-10-2009,41.6481407
08-10-2009,41.54125628
09-10-2009,41.44296482
12-10-2009,41.35326633
14-10-2009,41.26929648
15-10-2009,41.1761809
16-10-2009,41.08145729
17-10-2009,40.98653266
20-10-2009,40.91025126
21-10-2009,40.81472362
22-10-2009,40.73929648
23-10-2009,40.64045226
26-10-2009,40.54296482
27-10-2009,40.45241206
28-10-2009,40.37748744
29-10-2009,40.31286432
30-10-2009,40.25030151
03-11-2009,40.1839196
04-11-2009,40.1120603
05-11-2009,40.03934673
06-11-2009,39.94763819
09-11-2009,39.85326633
10-11-2009,39.7298995
11-11-2009,39.61226131
12-11-2009,39.53080402
13-11-2009,39.45713568
16-11-2009,39.3798995
17-11-2009,39.29422111
18-11-2009,39.20060302
19-11-2009,39.10432161
20-11-2009,39.07688442
23-11-2009,38.99537688
24-11-2009,38.92467337
25-11-2009,38.83914573
26-11-2009,38.75246231
27-11-2009,38.67517588
30-11-2009,38.57879397
01-12-2009,38.49422111
02-12-2009,38.40140704
03-12-2009,38.27768844
04-12-2009,38.18427136
07-12-2009,38.09301508
08-12-2009,37.99763819
09-12-2009,37.90120603
10-12-2009,37.81919598
11-12-2009,37.74201005
14-12-2009,37.65733668
15-12-2009,37.58120603
16-12-2009,37.50723618
17-12-2009,37.41753769
18-12-2009,37.32733668
21-12-2009,37.25055276
22-12-2009,37.18180905
23-12-2009,37.10095477
24-12-2009,37.00286432
29-12-2009,36.89356784
30-12-2009,36.80130653
31-12-2009,36.7161809
04-01-2010,36.64266332
05-01-2010,36.55527638
06-01-2010,36.4738191
07-01-2010,36.40623116
08-01-2010,36.33517588
11-01-2010,36.25527638
12-01-2010,36.17733668
13-01-2010,36.11251256
14-01-2010,36.04221106
15-01-2010,35.95854271
18-01-2010,35.87929648
19-01-2010,35.8459799
20-01-2010,35.77266332
21-01-2010,35.6980402
22-01-2010,35.61386935
25-01-2010,35.54035176
27-01-2010,35.48653266
28-01-2010,35.4439196
29-01-2010,35.36974874
01-02-2010,35.28221106
02-02-2010,35.19211055
03-02-2010,35.09226131
04-02-2010,34.97929648
05-02-2010,34.86150754
06-02-2010,34.75733668
08-02-2010,34.63170854
09-02-2010,34.51472362
10-02-2010,34.37417085
11-02-2010,34.23683417
15-02-2010,34.14150754
16-02-2010,34.04226131
17-02-2010,33.94140704
18-02-2010,33.85301508
19-02-2010,33.75361809
22-02-2010,33.66
23-02-2010,33.5641206
24-02-2010,33.44467337
25-02-2010,33.31090452
26-02-2010,33.15271357
02-03-2010,33.02060302
03-03-2010,32.87437186
04-03-2010,32.72110553
05-03-2010,32.57708543
08-03-2010,32.4318593
09-03-2010,32.24407035
10-03-2010,32.09336683
11-03-2010,31.93909548
12-03-2010,31.79085427
15-03-2010,31.67035176
16-03-2010,31.50899497
17-03-2010,31.39854271
18-03-2010,31.26361809
19-03-2010,31.15140704
22-03-2010,31.03040201
23-03-2010,30.92447236
25-03-2010,30.81120603
26-03-2010,30.68929648
29-03-2010,30.57542714
30-03-2010,30.45713568
31-03-2010,30.35180905
01-04-2010,30.24829146
05-04-2010,30.13070352
06-04-2010,30.01180905
07-04-2010,29.83336683
08-04-2010,29.71090452
09-04-2010,29.49919598
12-04-2010,29.3180402
13-04-2010,29.17281407
15-04-2010,29.03517588
16-04-2010,28.90125628
19-04-2010,28.79854271
20-04-2010,28.71849246
21-04-2010,28.63246231
22-04-2010,28.52653266
23-04-2010,28.41592965
26-04-2010,28.30065327
27-04-2010,28.17959799
28-04-2010,28.04874372
29-04-2010,27.96251256
30-04-2010,27.88723618
03-05-2010,27.80165829
04-05-2010,27.72879397
05-05-2010,27.66582915
06-05-2010,27.60105528
07-05-2010,27.54733668
10-05-2010,27.50336683
11-05-2010,27.43577889
12-05-2010,27.38512563
13-05-2010,27.32909548
14-05-2010,27.27015075
17-05-2010,27.21683417
18-05-2010,27.18226131
19-05-2010,27.13236181
20-05-2010,28.07
21-05-2010,29.1975
24-05-2010,30.47
25-05-2010,31.66
26-05-2010,32.28
27-05-2010,32.5575
28-05-2010,31.76
31-05-2010,30.95857143
01-06-2010,30.57555556
02-06-2010,30.24666667
03-06-2010,29.88222222
04-06-2010,29.77583333
07-06-2010,29.16583333
08-06-2010,28.91166667
09-06-2010,28.62578947
10-06-2010,28.79947368
11-06-2010,28.79789474
14-06-2010,28.68894737
15-06-2010,28.5
16-06-2010,27.97052632
17-06-2010,27.53
18-06-2010,26.92947368
21-06-2010,26.76606061
22-06-2010,26.63636364
23-06-2010,26.52363636
24-06-2010,26.30969697
25-06-2010,26.18636364
28-06-2010,26.01030303
29-06-2010,25.82030303
30-06-2010,25.69242424
01-07-2010,25.49666667
02-07-2010,25.3230303
05-07-2010,25.18242424
06-07-2010,24.96683417
07-07-2010,24.91522613
08-07-2010,24.86718593
09-07-2010,24.82155779
12-07-2010,24.78080402
13-07-2010,24.7438191
14-07-2010,24.7098995
15-07-2010,24.6760804
16-07-2010,24.64427136
19-07-2010,24.62085427
20-07-2010,24.59371859
21-07-2010,24.56517588
22-07-2010,24.53869347
23-07-2010,24.5061809
26-07-2010,24.45854271
27-07-2010,24.41944724
28-07-2010,24.36286432
29-07-2010,24.31085427
30-07-2010,24.25095477
02-08-2010,24.20442211
03-08-2010,24.16226131
04-08-2010,24.11658291
05-08-2010,24.07145729
06-08-2010,24.02839196
09-08-2010,23.98155779
10-08-2010,23.93241206
11-08-2010,23.89140704
12-08-2010,23.85934673
13-08-2010,23.82673367
16-08-2010,23.76924623
17-08-2010,23.71713568
18-08-2010,23.6639196
19-08-2010,23.61874372
20-08-2010,23.57904523
23-08-2010,23.51276382
24-08-2010,23.45030151
25-08-2010,23.38974874
26-08-2010,23.33949749
27-08-2010,23.27432161
30-08-2010,23.22743719
31-08-2010,23.17075377
01-09-2010,23.11738693
02-09-2010,23.06085427
03-09-2010,23.00743719
06-09-2010,22.95452261
07-09-2010,22.88753769
08-09-2010,22.83321608
09-09-2010,22.77934673
13-09-2010,22.72824121
14-09-2010,22.69452261
15-09-2010,22.64572864
16-09-2010,22.59231156
17-09-2010,22.54854271
20-09-2010,22.51859296
21-09-2010,22.49809045
22-09-2010,22.48120603
23-09-2010,22.47190955
24-09-2010,23.1925
27-09-2010,23.1325
28-09-2010,23.065
29-09-2010,22.57857143
30-09-2010,22.60857143
01-10-2010,22.55428571
04-10-2010,22.43777778
05-10-2010,22.45666667
06-10-2010,22.405
07-10-2010,22.38666667
08-10-2010,22.37166667
11-10-2010,22.18
12-10-2010,22.16673367
13-10-2010,22.15577889
14-10-2010,22.13371859
15-10-2010,22.11351759
18-10-2010,22.11005025
19-10-2010,22.10356784
20-10-2010,22.2075
21-10-2010,23.0075
22-10-2010,22.8925
25-10-2010,22.7075
26-10-2010,22.45571429
27-10-2010,22.15571429
28-10-2010,22.08623116
29-10-2010,22.0839196
01-11-2010,22.08231156
02-11-2010,22.07914573
03-11-2010,22.07366834
04-11-2010,22.06984925
05-11-2010,22.04904523
08-11-2010,22.02075377
09-11-2010,21.98954774
10-11-2010,21.93844221
11-11-2010,21.89884422
12-11-2010,21.86482412
15-11-2010,21.84482412
16-11-2010,21.81246231
18-11-2010,21.79030151
19-11-2010,21.75788945
22-11-2010,21.71532663
23-11-2010,21.66864322
24-11-2010,21.63296482
25-11-2010,22.3675
26-11-2010,22.375
29-11-2010,23.0375
30-11-2010,22.55
01-12-2010,22.01428571
02-12-2010,21.91
03-12-2010,21.41174497
06-12-2010,21.37308725
07-12-2010,21.31919463
08-12-2010,21.28630872
09-12-2010,21.25020134
10-12-2010,21.2285906
13-12-2010,21.20691275
14-12-2010,21.8075
15-12-2010,22.065
16-12-2010,21.77
20-12-2010,21.47857143
21-12-2010,21.52857143
22-12-2010,21.21111111
23-12-2010,21.11444444
24-12-2010,21.05145729
27-12-2010,21.04100503
28-12-2010,21.03190955
29-12-2010,21.02457286
30-12-2010,21.02155779
31-12-2010,21.01678392
03-01-2011,21.01080402
04-01-2011,20.9958794
05-01-2011,20.99035176
06-01-2011,20.99452261
07-01-2011,20.9960804
10-01-2011,21.00658291
11-01-2011,21.02346734
12-01-2011,21.1275
13-01-2011,21.93
14-01-2011,22.5125
17-01-2011,22.675
18-01-2011,22.985
19-01-2011,22.9975
20-01-2011,22.4825
21-01-2011,22.33222222
24-01-2011,22.16
25-01-2011,21.9175
27-01-2011,21.91416667
28-01-2011,21.825
31-01-2011,21.84583333
01-02-2011,22.215
02-02-2011,22.9525
03-02-2011,23.31
04-02-2011,23.3375
07-02-2011,23.5875
08-02-2011,23.8275
09-02-2011,24.1325
10-02-2011,24.77
11-02-2011,24.8725
14-02-2011,24.5675
15-02-2011,24.27857143
16-02-2011,24.05571429
17-02-2011,23.98333333
18-02-2011,23.77888889
21-02-2011,23.77416667
22-02-2011,23.95916667
23-02-2011,24.6275
24-02-2011,25.6225
25-02-2011,26.6275
28-02-2011,27.2175
01-03-2011,26.605
03-03-2011,25.77142857
04-03-2011,25.49285714
07-03-2011,25.14111111
08-03-2011,25.17555556
09-03-2011,24.945
10-03-2011,24.87
11-03-2011,24.755
14-03-2011,24.52833333
15-03-2011,24.31842105
16-03-2011,24.51736842
17-03-2011,24.7375
18-03-2011,25.02
21-03-2011,25.6675
22-03-2011,25.3125
23-03-2011,24.77714286
24-03-2011,24.44428571
25-03-2011,24.19818182
28-03-2011,24.07030303
29-03-2011,23.95757576
30-03-2011,23.83575758
31-03-2011,23.75151515
01-04-2011,23.71242424
04-04-2011,23.63757576
05-04-2011,23.5530303
06-04-2011,23.45757576
07-04-2011,23.39060606
08-04-2011,23.27363636
11-04-2011,23.16981481
13-04-2011,23.1737037
15-04-2011,23.17814815
18-04-2011,23.19314815
19-04-2011,23.19981481
20-04-2011,23.19037037
21-04-2011,23.14555556
25-04-2011,23.08592593
26-04-2011,23.03759259
27-04-2011,23.01944444
28-04-2011,22.96277778
29-04-2011,22.89296296
02-05-2011,22.79740741
03-05-2011,22.71666667
04-05-2011,22.65666667
05-05-2011,22.61425926
06-05-2011,22.59611111
09-05-2011,22.5612963
10-05-2011,22.53259259
11-05-2011,22.51722222
12-05-2011,22.46277778
13-05-2011,22.39462963
16-05-2011,22.27944444
17-05-2011,22.18518519
18-05-2011,22.05240741
19-05-2011,21.99494949
20-05-2011,22.02282828
23-05-2011,22.03292929
24-05-2011,22.06232323
25-05-2011,22.09060606
26-05-2011,22.12737374
27-05-2011,22.15383838
30-05-2011,22.15646465
31-05-2011,22.16494949
01-06-2011,22.15424242
02-06-2011,22.13939394
03-06-2011,22.11070707
06-06-2011,22.05464646
07-06-2011,22.0130303
08-06-2011,21.97888889
09-06-2011,21.93272727
10-06-2011,21.87989899
13-06-2011,21.82909091
14-06-2011,21.80333333
15-06-2011,21.77727273
16-06-2011,21.75838384
17-06-2011,21.74454545
20-06-2011,21.74555556
21-06-2011,21.75969697
22-06-2011,21.75181818
23-06-2011,21.73474747
24-06-2011,21.69525253
27-06-2011,21.65070707
28-06-2011,21.61505051
29-06-2011,21.58272727
30-06-2011,21.53272727
01-07-2011,21.46929293
04-07-2011,21.40333333
05-07-2011,21.33191919
06-07-2011,21.26555556
07-07-2011,21.21373737
08-07-2011,21.17613065
11-07-2011,21.14984925
12-07-2011,21.14154362
13-07-2011,21.15221477
14-07-2011,21.14610738
15-07-2011,21.12845638
18-07-2011,21.11718121
19-07-2011,21.10127517
20-07-2011,21.08644295
21-07-2011,21.0709396
22-07-2011,21.0609396
25-07-2011,21.04167785
26-07-2011,21.03785235
27-07-2011,21.03610738
28-07-2011,21.03087248
29-07-2011,21.0366443
01-08-2011,21.04550336
02-08-2011,21.04986577
03-08-2011,21.06342282
04-08-2011,21.07993289
05-08-2011,21.10449664
08-08-2011,21.15758389
09-08-2011,23.345
10-08-2011,27.195
11-08-2011,29.3775
12-08-2011,30.425
16-08-2011,29.985
17-08-2011,28.58285714
18-08-2011,28.66571429
19-08-2011,28.47571429
22-08-2011,28.58888889
23-08-2011,28.4
24-08-2011,27.93333333
25-08-2011,28.24166667
26-08-2011,28.17166667
29-08-2011,28.93
30-08-2011,28.9675
02-09-2011,28.0375
05-09-2011,27.67
06-09-2011,27.88789474
07-09-2011,28.08578947
08-09-2011,28.03736842
09-09-2011,27.9975
12-09-2011,28.0775
13-09-2011,29.1
14-09-2011,30.3275
15-09-2011,31.53
16-09-2011,32.19
19-09-2011,31.115
20-09-2011,30.70857143
21-09-2011,30.58
22-09-2011,29.98666667
23-09-2011,30.62333333
26-09-2011,30.99
27-09-2011,33.035
28-09-2011,34.12
29-09-2011,33.65
30-09-2011,32.6275
03-10-2011,33.07
04-10-2011,33.24
05-10-2011,33.8175
07-10-2011,34.8925
10-10-2011,35.1625
11-10-2011,33.9025
12-10-2011,33.27428571
13-10-2011,32.77
14-10-2011,32.17444444
17-10-2011,31.55894737
18-10-2011,31.33947368
19-10-2011,31.26842105
20-10-2011,31.07789474
21-10-2011,30.64210526
24-10-2011,30.19454545
25-10-2011,30.09030303
26-10-2011,29.92212121
28-10-2011,29.77212121
31-10-2011,29.55212121
01-11-2011,29.24636364
02-11-2011,28.98121212
03-11-2011,28.75212121
04-11-2011,28.56636364
08-11-2011,28.46259259
09-11-2011,28.42981481
11-11-2011,28.37148148
14-11-2011,28.28907407
15-11-2011,28.25592593
16-11-2011,28.25685185
17-11-2011,28.19092593
18-11-2011,28.17203704
21-11-2011,28.04833333
22-11-2011,28.09537037
23-11-2011,28.14111111
24-11-2011,28.305
25-11-2011,28.6475
28-11-2011,28.775
29-11-2011,28.5975
30-11-2011,28.2
01-12-2011,28.17037037
02-12-2011,28.02722222
05-12-2011,27.86462963
07-12-2011,27.72703704
08-12-2011,27.64685185
09-12-2011,27.64925926
12-12-2011,27.64796296
13-12-2011,28.46
14-12-2011,28.8725
15-12-2011,28.925
16-12-2011,28.745
19-12-2011,28.96857143
20-12-2011,29.4675
21-12-2011,29.9025
22-12-2011,29.5825
23-12-2011,28.96714286
26-12-2011,28.80416667
27-12-2011,28.63916667
28-12-2011,28.36916667
29-12-2011,28.15833333
30-12-2011,28.03416667
02-01-2012,27.92052632
03-01-2012,28.05263158
04-01-2012,28.03684211
05-01-2012,27.97272727
06-01-2012,27.88212121
07-01-2012,27.84686869
09-01-2012,27.81212121
10-01-2012,27.79858586
11-01-2012,27.77373737
12-01-2012,27.76424242
13-01-2012,27.72969697
16-01-2012,27.6720202
17-01-2012,27.64161616
18-01-2012,27.60818182
19-01-2012,27.54838384
20-01-2012,27.48515152
23-01-2012,27.3710101
24-01-2012,27.33131313
25-01-2012,27.29636364
27-01-2012,27.24515152
30-01-2012,27.18323232
31-01-2012,27.13070707
01-02-2012,27.07818182
02-02-2012,27.03020202
03-02-2012,26.98515152
06-02-2012,26.89767677
07-02-2012,26.81535354
08-02-2012,26.73919192
09-02-2012,26.67333333
10-02-2012,26.62131313
13-02-2012,26.5630303
14-02-2012,26.52727273
15-02-2012,26.47717172
16-02-2012,26.35818182
17-02-2012,26.23868687
21-02-2012,26.12505051
22-02-2012,26.09959732
23-02-2012,26.14557047
24-02-2012,26.17328859
27-02-2012,26.21067114
28-02-2012,26.2661745
29-02-2012,26.3138255
01-03-2012,26.37436242
02-03-2012,26.9575
03-03-2012,27.0725
05-03-2012,27.66
06-03-2012,28.1575
07-03-2012,28.075
09-03-2012,27.6975
12-03-2012,27.39571429
13-03-2012,27.21888889
14-03-2012,26.97666667
15-03-2012,26.8438255
16-03-2012,26.82127517
19-03-2012,26.74241611
20-03-2012,26.70228188
21-03-2012,26.6542953
22-03-2012,26.61389262
23-03-2012,26.60255034
26-03-2012,26.58818792
27-03-2012,26.58342282
28-03-2012,26.55563758
29-03-2012,26.54080537
30-03-2012,26.53013423
02-04-2012,26.48838926
03-04-2012,26.44100671
04-04-2012,26.35208054
09-04-2012,26.31557047
10-04-2012,26.29845638
11-04-2012,26.2704698
12-04-2012,26.23328859
13-04-2012,26.18711409
16-04-2012,26.15281879
17-04-2012,26.11651007
18-04-2012,26.06389262
19-04-2012,25.97852349
20-04-2012,25.88845638
23-04-2012,25.80550336
24-04-2012,25.74362416
25-04-2012,25.68187919
26-04-2012,25.61033557
27-04-2012,25.55322148
30-04-2012,25.48758389
02-05-2012,25.37979866
03-05-2012,25.35296482
04-05-2012,25.35160804
07-05-2012,25.35738693
08-05-2012,25.35874372
09-05-2012,25.36859296
10-05-2012,25.38763819
11-05-2012,25.40577889
14-05-2012,25.42452261
15-05-2012,25.45140704
16-05-2012,25.46688442
17-05-2012,25.48904523
18-05-2012,25.5158794
21-05-2012,25.54120603
22-05-2012,25.5620603
23-05-2012,25.59025126
24-05-2012,25.63035176
25-05-2012,25.66055276
28-05-2012,25.68527638
29-05-2012,25.67914573
30-05-2012,25.65527638
31-05-2012,25.60713568
01-06-2012,25.58854271
04-06-2012,25.57688442
05-06-2012,25.73
06-06-2012,25.97
07-06-2012,25.8825
08-06-2012,25.54668342
11-06-2012,25.5179397
12-06-2012,25.50758794
13-06-2012,25.49894472
14-06-2012,25.47763819
15-06-2012,25.46643216
18-06-2012,25.42763819
19-06-2012,25.41020101
20-06-2012,25.39286432
21-06-2012,25.36743719
22-06-2012,25.32778894
25-06-2012,25.28718593
26-06-2012,25.25557789
27-06-2012,25.21834171
28-06-2012,25.17924623
29-06-2012,25.11829146
02-07-2012,25.04949749
03-07-2012,24.9819598
04-07-2012,24.92050251
05-07-2012,24.86934673
06-07-2012,24.81281407
09-07-2012,24.76653266
10-07-2012,24.72155779
11-07-2012,24.64090452
12-07-2012,24.55663317
13-07-2012,24.47261307
16-07-2012,24.40351759
17-07-2012,24.33703518
18-07-2012,24.27025126
19-07-2012,24.19738693
20-07-2012,24.10346734
23-07-2012,24.00145729
24-07-2012,23.91748744
25-07-2012,23.83683417
26-07-2012,23.7701005
27-07-2012,23.7001005
30-07-2012,23.63994975
31-07-2012,23.58145729
01-08-2012,23.53135678
02-08-2012,23.48623116
03-08-2012,23.44035176
06-08-2012,23.40050251
07-08-2012,23.35336683
08-08-2012,23.30266332
09-08-2012,23.25819095
10-08-2012,23.2281407
13-08-2012,23.19487437
14-08-2012,23.17035176
16-08-2012,23.13507538
17-08-2012,23.09321608
21-08-2012,23.04718593
22-08-2012,23.00517588
23-08-2012,22.9678392
24-08-2012,22.92969849
27-08-2012,22.88879397
28-08-2012,22.84723618
29-08-2012,22.80231156
30-08-2012,22.75592965
31-08-2012,22.71386935
03-09-2012,22.66552764
04-09-2012,22.61879397
05-09-2012,22.55839196
06-09-2012,22.50643216
07-09-2012,22.43758794
08-09-2012,22.3738191
10-09-2012,22.30165829
11-09-2012,22.24452261
12-09-2012,22.18678392
13-09-2012,22.12894472
14-09-2012,22.0819598
17-09-2012,22.03869347
18-09-2012,22.00231156
20-09-2012,21.95894472
21-09-2012,21.90889447
24-09-2012,21.85562814
25-09-2012,21.80316583
26-09-2012,21.74788945
27-09-2012,21.68849246
28-09-2012,21.62869347
01-10-2012,21.56070352
03-10-2012,21.48914573
04-10-2012,21.41864322
05-10-2012,21.36291457
08-10-2012,21.31236181
09-10-2012,21.26100503
10-10-2012,21.21175879
11-10-2012,21.16422111
12-10-2012,21.11271357
15-10-2012,21.06180905
16-10-2012,21.00547739
17-10-2012,20.94537688
18-10-2012,20.89015075
19-10-2012,20.83160804
22-10-2012,20.77447236
23-10-2012,20.7120603
25-10-2012,20.6520603
26-10-2012,20.59095477
29-10-2012,20.54175879
30-10-2012,20.49442211
31-10-2012,20.4498995
01-11-2012,20.40427136
02-11-2012,20.35407035
05-11-2012,20.30909548
06-11-2012,20.26864322
07-11-2012,20.23613065
08-11-2012,20.19869347
09-11-2012,20.15889447
12-11-2012,20.12346734
13-11-2012,20.09251256
15-11-2012,20.05839196
16-11-2012,20.01854271
19-11-2012,19.9861809
20-11-2012,19.95497487
21-11-2012,19.91537688
22-11-2012,19.87201005
23-11-2012,19.82321608
26-11-2012,19.77180905
27-11-2012,19.72356784
29-11-2012,19.67663317
30-11-2012,19.6341206
03-12-2012,19.59110553
04-12-2012,19.55547739
05-12-2012,19.52437186
06-12-2012,19.49065327
07-12-2012,19.44572864
10-12-2012,19.38899497
11-12-2012,19.32723618
12-12-2012,19.27869347
13-12-2012,19.22688442
14-12-2012,19.16321608
17-12-2012,19.10482412
18-12-2012,19.04447236
19-12-2012,18.97798995
20-12-2012,18.91080402
21-12-2012,18.84105528
24-12-2012,18.76924623
26-12-2012,18.70467337
27-12-2012,18.64321608
28-12-2012,18.58427136
31-12-2012,18.52075377
01-01-2013,18.47150754
02-01-2013,18.4160804
03-01-2013,18.35723618
04-01-2013,18.30869347
07-01-2013,18.26045226
08-01-2013,18.22015075
09-01-2013,18.18130653
10-01-2013,18.12376884
11-01-2013,18.07316583
14-01-2013,18.00527638
15-01-2013,17.94824121
16-01-2013,17.89150754
17-01-2013,17.83954774
18-01-2013,17.79748744
21-01-2013,17.76236181
22-01-2013,17.73045226
23-01-2013,17.69658291
24-01-2013,17.65306533
25-01-2013,17.61557789
28-01-2013,17.57778894
29-01-2013,17.54457286
30-01-2013,17.50296482
31-01-2013,17.46351759
01-02-2013,17.43246231
04-02-2013,17.40095477
05-02-2013,17.37577889
06-02-2013,17.34824121
07-02-2013,17.31150754
08-02-2013,17.28959799
11-02-2013,17.27060302
12-02-2013,17.25507538
13-02-2013,17.24211055
14-02-2013,17.22864322
15-02-2013,17.21130653
18-02-2013,17.19115578
19-02-2013,17.16688442
20-02-2013,17.14472362
21-02-2013,17.11175879
22-02-2013,17.08110553
25-02-2013,17.05130653
26-02-2013,17.02241206
27-02-2013,16.99276382
28-02-2013,16.96236181
01-03-2013,16.91788945
04-03-2013,16.87
05-03-2013,16.82035176
06-03-2013,16.76743719
07-03-2013,16.71221106
08-03-2013,16.64155779
11-03-2013,16.58050251
12-03-2013,16.52577889
13-03-2013,16.48281407
14-03-2013,16.44346734
15-03-2013,16.39
18-03-2013,16.33929648
19-03-2013,16.28442211
20-03-2013,16.23974874
21-03-2013,16.19150754
22-03-2013,16.4325
25-03-2013,16.355
26-03-2013,16.2675
28-03-2013,16.20428571
01-04-2013,16.11428571
02-04-2013,15.94444444
03-04-2013,15.87532663
04-04-2013,15.82170854
05-04-2013,15.78778894
08-04-2013,15.76130653
09-04-2013,15.9125
10-04-2013,16.4
11-04-2013,16.56
12-04-2013,16.7625
15-04-2013,16.6825
16-04-2013,16.63
17-04-2013,16.62285714
18-04-2013,16.56428571
22-04-2013,16.45333333
23-04-2013,16.39222222
25-04-2013,16.29416667
26-04-2013,16.13083333
29-04-2013,15.89
30-04-2013,15.6825
02-05-2013,15.67684211
03-05-2013,15.79157895
06-05-2013,15.82736842
07-05-2013,15.82684211
08-05-2013,16.0425
09-05-2013,16.1625
10-05-2013,16.425
11-05-2013,16.68
13-05-2013,16.765
14-05-2013,16.9525
15-05-2013,17.095
16-05-2013,17.4125
17-05-2013,17.6375
20-05-2013,17.6525
21-05-2013,17.7875
22-05-2013,17.725
23-05-2013,17.72
24-05-2013,18.01
27-05-2013,18.0075
28-05-2013,17.80111111
29-05-2013,17.69857143
30-05-2013,17.72
31-05-2013,17.6025
03-06-2013,17.5075
04-06-2013,17.47
05-06-2013,17.44416667
06-06-2013,17.42473684
07-06-2013,17.45157895
10-06-2013,17.44315789
11-06-2013,17.49263158
12-06-2013,18.075
13-06-2013,18.45
14-06-2013,18.9725
17-06-2013,19.0325
18-06-2013,18.705
19-06-2013,18.67285714
20-06-2013,18.72285714
21-06-2013,18.70666667
24-06-2013,18.80888889
25-06-2013,19.4225
26-06-2013,20.0925
27-06-2013,20.5625
28-06-2013,20.5175
01-07-2013,19.7525
02-07-2013,19.59142857
03-07-2013,19.47428571
04-07-2013,19.36222222
05-07-2013,19.31222222
08-07-2013,19.225
09-07-2013,19.2375
10-07-2013,19.26166667
11-07-2013,19.3275
12-07-2013,19.3825
15-07-2013,19.22
16-07-2013,19.16684211
17-07-2013,19.19473684
18-07-2013,19.20368421
19-07-2013,19.16368421
22-07-2013,19.01210526
23-07-2013,18.84727273
24-07-2013,18.82818182
25-07-2013,18.81484848
26-07-2013,18.77272727
29-07-2013,18.69060606
30-07-2013,18.67242424
31-07-2013,18.63242424
01-08-2013,18.64515152
02-08-2013,18.7375
05-08-2013,19.3975
06-08-2013,20.0675
07-08-2013,21.0575
08-08-2013,21.615
12-08-2013,21.69
13-08-2013,21.81
14-08-2013,21.17
16-08-2013,20.85714286
19-08-2013,21.26285714
20-08-2013,21.7975
21-08-2013,23.79
22-08-2013,26.1375
23-08-2013,27.4925
26-08-2013,27.5325
27-08-2013,27.32
28-08-2013,27.6525
29-08-2013,28.4825
30-08-2013,29.3975
02-09-2013,29.755
03-09-2013,29.2875
04-09-2013,29.34857143
05-09-2013,30.02428571
06-09-2013,29.92
10-09-2013,30.195
11-09-2013,29.70777778
12-09-2013,29.64571429
13-09-2013,29.95428571
16-09-2013,29.59333333
17-09-2013,29.64333333
18-09-2013,29.17333333
19-09-2013,29.16333333
20-09-2013,28.90916667
23-09-2013,28.66263158
24-09-2013,28.69631579
25-09-2013,28.55421053
26-09-2013,28.20157895
27-09-2013,27.91684211
30-09-2013,27.71947368
01-10-2013,27.67210526
03-10-2013,27.35
04-10-2013,27.54606061
07-10-2013,27.62151515
08-10-2013,27.65909091
09-10-2013,27.63848485
10-10-2013,27.57121212
11-10-2013,27.47484848
14-10-2013,27.40939394
15-10-2013,27.30242424
17-10-2013,27.11515152
18-10-2013,26.77212121
21-10-2013,26.49060606
22-10-2013,26.25939394
23-10-2013,26.02939394
24-10-2013,25.66151515
25-10-2013,25.52351852
28-10-2013,25.51648148
29-10-2013,25.48981481
30-10-2013,25.44759259
31-10-2013,25.41685185
01-11-2013,25.36333333
03-11-2013,25.35185185
05-11-2013,25.3637037
06-11-2013,25.29518519
07-11-2013,25.1962963
08-11-2013,25.06
11-11-2013,24.90351852
12-11-2013,24.73537037
13-11-2013,24.64481481
14-11-2013,24.535
18-11-2013,24.34685185
19-11-2013,24.09574074
20-11-2013,23.90851852
21-11-2013,23.77925926
22-11-2013,23.66055556
25-11-2013,23.43
26-11-2013,23.2437037
27-11-2013,23.11518519
28-11-2013,22.97611111
29-11-2013,22.81444444
02-12-2013,22.75
03-12-2013,22.79060606
04-12-2013,22.84515152
05-12-2013,23.2925
06-12-2013,23.3675
09-12-2013,23.08
10-12-2013,22.95030303
11-12-2013,22.94010101
12-12-2013,22.92171717
13-12-2013,22.91636364
16-12-2013,22.91343434
17-12-2013,22.92080808
18-12-2013,22.93707071
19-12-2013,22.94343434
20-12-2013,22.9420202
23-12-2013,22.93434343
24-12-2013,22.91424242
26-12-2013,22.88858586
27-12-2013,22.84929293
30-12-2013,22.79727273
31-12-2013,22.73858586
01-01-2014,22.68121212
02-01-2014,22.6089899
03-01-2014,22.55353535
06-01-2014,22.49979798
07-01-2014,22.45151515
08-01-2014,22.42181818
09-01-2014,22.39777778
10-01-2014,22.32242424
13-01-2014,22.22131313
14-01-2014,22.10737374
15-01-2014,21.98262626
16-01-2014,21.84484848
17-01-2014,21.74171717
20-01-2014,21.63090909
21-01-2014,21.48878788
22-01-2014,21.31878788
23-01-2014,21.18181818
24-01-2014,21.05828283
27-01-2014,21.02838926
28-01-2014,21.02597315
29-01-2014,21.00389262
30-01-2014,20.98308725
31-01-2014,20.95744966
03-02-2014,20.9438255
04-02-2014,20.94597315
05-02-2014,20.95
06-02-2014,20.95483221
07-02-2014,20.95503356
10-02-2014,20.95483221
11-02-2014,20.95738255
12-02-2014,20.95261745
13-02-2014,20.93993289
14-02-2014,20.92530201
17-02-2014,20.91033557
18-02-2014,20.89114094
19-02-2014,20.86845638
20-02-2014,20.84214765
21-02-2014,20.81395973
24-02-2014,20.78557047
25-02-2014,20.76025168
26-02-2014,20.73555369
28-02-2014,20.71699664
03-03-2014,20.69865772
04-03-2014,20.68901007
05-03-2014,20.67298658
06-03-2014,20.64340604
07-03-2014,20.61894295
10-03-2014,20.60518456
11-03-2014,20.59154362
12-03-2014,20.56761745
13-03-2014,20.54238255
14-03-2014,20.50271812
18-03-2014,20.46518456
19-03-2014,20.43791946
20-03-2014,20.40840604
21-03-2014,20.39263423
22-03-2014,20.37575503
24-03-2014,20.32364094
25-03-2014,20.26288591
26-03-2014,20.19369128
27-03-2014,20.12439597
28-03-2014,20.05266779
31-03-2014,20.00488255
01-04-2014,20.01030151
02-04-2014,20.02203518
03-04-2014,20.5375
04-04-2014,21.406875
07-04-2014,21.673125
09-04-2014,22.74
10-04-2014,24.165
11-04-2014,25.8175
15-04-2014,27.441875
16-04-2014,29.1725
17-04-2014,30.234375
21-04-2014,30.768125
22-04-2014,32.068125
23-04-2014,32.438125
25-04-2014,32.43125
28-04-2014,32.388125
29-04-2014,31.85
30-04-2014,31.83428571
02-05-2014,31.79714286
05-05-2014,31.83194444
06-05-2014,32.22125
07-05-2014,32.775625
08-05-2014,33.530625
09-05-2014,33.841875
12-05-2014,34.72125
13-05-2014,35.680625
14-05-2014,35.289375
15-05-2014,34.819375
16-05-2014,34.85071429
19-05-2014,33.51928571
20-05-2014,32.44895833
21-05-2014,31.41131579
22-05-2014,30.59842105
23-05-2014,29.89855263
26-05-2014,29.21565789
27-05-2014,28.8769697
28-05-2014,28.78583333
29-05-2014,28.63037879
30-05-2014,28.38
02-06-2014,28.0594697
03-06-2014,27.68916667
04-06-2014,27.28340909
05-06-2014,26.78916667
06-06-2014,26.3130303
09-06-2014,25.86242424
10-06-2014,25.33848485
11-06-2014,24.83265152
12-06-2014,24.45087963
13-06-2014,24.46990741
16-06-2014,24.49259259
17-06-2014,24.51226852
18-06-2014,24.51097222
19-06-2014,24.51481481
20-06-2014,24.51689815
23-06-2014,24.46550926
24-06-2014,24.43361111
25-06-2014,24.39611111
26-06-2014,24.32583333
27-06-2014,24.23351852
30-06-2014,24.09787037
01-07-2014,23.93046296
02-07-2014,23.72574074
03-07-2014,23.51064815
04-07-2014,23.25009259
07-07-2014,23.00925926
08-07-2014,22.79731481
09-07-2014,22.51574074
10-07-2014,22.23486111
11-07-2014,21.95398148
14-07-2014,21.67699074
15-07-2014,21.38398148
16-07-2014,21.0824537
17-07-2014,20.95058081
18-07-2014,20.94861111
21-07-2014,20.95926768
22-07-2014,20.96472222
23-07-2014,20.97169192
24-07-2014,20.97911616
25-07-2014,20.98459596
28-07-2014,20.97386364
30-07-2014,20.97315657
31-07-2014,20.97361111
01-08-2014,20.9670202
04-08-2014,20.95186869
05-08-2014,20.92194444
06-08-2014,20.88782828
07-08-2014,20.86012626
08-08-2014,20.8330303
11-08-2014,20.81454545
12-08-2014,20.78292929
13-08-2014,20.74843434
14-08-2014,20.71664141
18-08-2014,20.68669192
19-08-2014,20.66272727
20-08-2014,20.63613636
21-08-2014,20.60320707
22-08-2014,20.56247475
25-08-2014,20.5144697
26-08-2014,20.46555556
27-08-2014,20.38757576
28-08-2014,20.31058081
01-09-2014,20.22830808
02-09-2014,20.14166667
03-09-2014,20.04833333
04-09-2014,19.93156566
05-09-2014,19.79181818
08-09-2014,19.63239899
09-09-2014,19.46681818
10-09-2014,19.27371212
11-09-2014,19.08957071
12-09-2014,18.90436869
15-09-2014,18.8264094
16-09-2014,18.78832215
17-09-2014,18.75035235
18-09-2014,18.71275168
19-09-2014,18.66761745
22-09-2014,18.62236577
23-09-2014,18.58300336
24-09-2014,18.54682886
25-09-2014,18.5191443
26-09-2014,18.50214765
29-09-2014,18.48548658
30-09-2014,18.47417785
01-10-2014,18.46065436
07-10-2014,18.4536745
08-10-2014,18.45437919
09-10-2014,18.4554698
10-10-2014,18.45010067
13-10-2014,18.45112416
14-10-2014,18.44587248
16-10-2014,18.44721477
17-10-2014,18.46459732
20-10-2014,18.47751678
21-10-2014,18.46053691
22-10-2014,18.43068792
23-10-2014,18.40186242
27-10-2014,18.3738255
28-10-2014,18.3516443
29-10-2014,18.33067114
30-10-2014,18.30300336
31-10-2014,18.27872483
03-11-2014,18.25446309
05-11-2014,18.23803691
07-11-2014,18.22380872
10-11-2014,18.20751678
11-11-2014,18.18744966
12-11-2014,18.16755034
13-11-2014,18.14112416
14-11-2014,18.10870805
17-11-2014,18.05736577
18-11-2014,18.01525168
19-11-2014,17.96728188
20-11-2014,17.91518456
21-11-2014,17.85798658
24-11-2014,17.78348993
25-11-2014,17.6902349
26-11-2014,17.62757538
27-11-2014,17.60217337
28-11-2014,17.57952261
01-12-2014,17.55981156
02-12-2014,17.53434673
03-12-2014,17.50271357
04-12-2014,17.46973618
05-12-2014,17.43709799
08-12-2014,17.40393216
09-12-2014,17.36954774
10-12-2014,17.33871859
11-12-2014,17.31265075
12-12-2014,17.28738693
15-12-2014,17.27277638
16-12-2014,17.2636809
17-12-2014,17.26819095
18-12-2014,17.27751256
19-12-2014,17.27468593
22-12-2014,17.27704774
23-12-2014,17.27630653
24-12-2014,17.28307789
26-12-2014,17.2886809
29-12-2014,17.29103015
30-12-2014,17.28751256
31-12-2014,17.28987437
01-01-2015,17.29629397
02-01-2015,17.29905779
05-01-2015,17.2843593
06-01-2015,17.26614322
07-01-2015,17.2666206
08-01-2015,17.27214824
09-01-2015,17.27040201
12-01-2015,17.26792714
13-01-2015,17.26281407
14-01-2015,17.26080402
15-01-2015,17.2625
16-01-2015,17.26237437
19-01-2015,17.26940955
20-01-2015,17.275
21-01-2015,17.27677136
22-01-2015,17.4775
23-01-2015,17.8
27-01-2015,17.85875
28-01-2015,18.061875
29-01-2015,18.57625
30-01-2015,18.793125
02-02-2015,19.365
03-02-2015,19.945
04-02-2015,19.954375
05-02-2015,20.10875
06-02-2015,20.219375
09-02-2015,20.289375
10-02-2015,20.84125
11-02-2015,21.126875
12-02-2015,21.09875
13-02-2015,20.966875
16-02-2015,20.75285714
18-02-2015,20.78285714
19-02-2015,20.81535714
20-02-2015,20.75444444
23-02-2015,20.850625
24-02-2015,21.0525
25-02-2015,21.211875
26-02-2015,21.30625
27-02-2015,21.134375
28-02-2015,20.83444444
02-03-2015,20.50565789
03-03-2015,20.29723684
04-03-2015,20.05736842
05-03-2015,19.77223684
09-03-2015,19.44342105
10-03-2015,19.26348485
11-03-2015,19.21075758
12-03-2015,19.1325
13-03-2015,19.01689394
16-03-2015,18.92840909
17-03-2015,18.84030303
18-03-2015,18.69962121
19-03-2015,18.58083333
20-03-2015,18.43007576
23-03-2015,18.24386364
24-03-2015,18.07606061
25-03-2015,17.92967593
26-03-2015,17.85046296
27-03-2015,17.79532407
30-03-2015,17.7587963
31-03-2015,17.7274537
01-04-2015,17.6975
06-04-2015,17.64532407
07-04-2015,17.59578704
08-04-2015,17.56041667
09-04-2015,17.5062037
10-04-2015,17.44634259
13-04-2015,17.39046296
15-04-2015,17.33074074
16-04-2015,17.25768519
17-04-2015,17.20333333
20-04-2015,17.14694444
21-04-2015,17.08263889
22-04-2015,17.03814815
23-04-2015,16.98328704
24-04-2015,17.259375
27-04-2015,17.96125
28-04-2015,18.3875
29-04-2015,18.4375
30-04-2015,18.12125
04-05-2015,17.91714286
05-05-2015,17.93107143
06-05-2015,17.78805556
07-05-2015,18.06138889
08-05-2015,18.498125
11-05-2015,18.94875
12-05-2015,19.26375
13-05-2015,19.4825
14-05-2015,19.74125
15-05-2015,20.13875
18-05-2015,20.43625
19-05-2015,19.775625
20-05-2015,19.50607143
21-05-2015,19.37642857
22-05-2015,19.17520833
25-05-2015,18.94833333
26-05-2015,18.721875
27-05-2015,18.55166667
28-05-2015,18.43979167
29-05-2015,18.42828947
01-06-2015,18.39407895
02-06-2015,18.37026316
03-06-2015,18.22026316
04-06-2015,18.10736842
05-06-2015,18.05539474
08-06-2015,18.08159091
09-06-2015,18.15
10-06-2015,18.27625
11-06-2015,18.11893939
12-06-2015,18.07954545
15-06-2015,18.04143939
16-06-2015,18.04492424
17-06-2015,18.04287879
18-06-2015,18.02780303
19-06-2015,17.98863636
22-06-2015,17.91954545
23-06-2015,17.79280303
24-06-2015,17.65318182
25-06-2015,17.55636364
26-06-2015,17.47469697
29-06-2015,17.33800926
30-06-2015,17.39435185
01-07-2015,17.43953704
02-07-2015,17.46222222
03-07-2015,17.47347222
06-07-2015,17.49689815
07-07-2015,17.49171296
08-07-2015,17.47833333
09-07-2015,17.48907407
10-07-2015,17.46939815
13-07-2015,17.43171296
14-07-2015,17.38611111
15-07-2015,17.36018519
16-07-2015,17.32930556
17-07-2015,17.28407407
20-07-2015,17.23768519
21-07-2015,17.19314815
22-07-2015,17.10847222
23-07-2015,17.02476852
24-07-2015,16.96531879
27-07-2015,16.9710906
28-07-2015,16.98357383
29-07-2015,16.99501678
30-07-2015,16.9989094
31-07-2015,17.00062081
03-08-2015,17.00011745
04-08-2015,17.00553691
05-08-2015,17.00531879
06-08-2015,17.0022651
07-08-2015,17.00028523
10-08-2015,17.00776846
11-08-2015,17.01657718
12-08-2015,17.0063255
13-08-2015,17.00166107
14-08-2015,17.00531879
17-08-2015,17.00575503
18-08-2015,17.00812081
19-08-2015,17.00729866
20-08-2015,17.00348993
21-08-2015,17.00895973
24-08-2015,17.00788591
25-08-2015,19.725
26-08-2015,22.266875
27-08-2015,24.401875
28-08-2015,25.63375
31-08-2015,24.43375
01-09-2015,23.93928571
02-09-2015,25.59678571
03-09-2015,25.823125
04-09-2015,26.019375
07-09-2015,26.47625
08-09-2015,25.884375
09-09-2015,25.91678571
10-09-2015,25.87464286
11-09-2015,25.60694444
14-09-2015,25.64916667
15-09-2015,25.25729167
16-09-2015,25.29166667
18-09-2015,25.07520833
21-09-2015,24.71868421
22-09-2015,24.19486842
23-09-2015,23.85263158
24-09-2015,23.59855263
28-09-2015,23.5375
29-09-2015,23.45
30-09-2015,23.29078947
01-10-2015,22.81223684
05-10-2015,22.42197368
06-10-2015,22.25954545
07-10-2015,22.34568182
08-10-2015,22.43590909
09-10-2015,22.52325758
12-10-2015,22.58234848
13-10-2015,22.64318182
14-10-2015,22.33666667
15-10-2015,22.06007576
16-10-2015,21.80719697
19-10-2015,21.63242424
20-10-2015,21.43689394
21-10-2015,21.20659091
23-10-2015,20.84007576
26-10-2015,20.52318182
27-10-2015,20.31454545
28-10-2015,20.31851852
29-10-2015,20.35796296
30-10-2015,20.39717593
02-11-2015,20.43398148
03-11-2015,20.47162037
04-11-2015,20.51861111
05-11-2015,20.58037037
06-11-2015,20.63277778
09-11-2015,20.69041667
10-11-2015,20.69708333
11-11-2015,20.69430556
13-11-2015,20.69041667
16-11-2015,20.49638889
17-11-2015,20.33027778
18-11-2015,20.17208333
19-11-2015,20.08638889
20-11-2015,19.94768519
23-11-2015,19.78662037
24-11-2015,19.57101852
26-11-2015,19.37833333
27-11-2015,19.24078704
30-11-2015,19.0612963
01-12-2015,18.87759259
02-12-2015,18.71217593
03-12-2015,18.57929293
04-12-2015,18.56532828
07-12-2015,18.55537879
08-12-2015,18.55126263
09-12-2015,18.55088384
10-12-2015,18.56257576
11-12-2015,18.57782828
14-12-2015,18.60186869
15-12-2015,18.6305303
16-12-2015,18.65320707
17-12-2015,18.66934343
18-12-2015,18.65616162
21-12-2015,18.64641414
22-12-2015,18.62474747
23-12-2015,18.61027778
24-12-2015,18.58780303
28-12-2015,18.57184343
29-12-2015,18.57015152
30-12-2015,18.55848485
31-12-2015,18.55363636
01-01-2016,18.54560606
04-01-2016,18.54085859
05-01-2016,18.56030303
06-01-2016,18.57280303
07-01-2016,18.5794697
08-01-2016,18.59477273
11-01-2016,18.60265152
12-01-2016,18.62962121
13-01-2016,18.65234848
14-01-2016,18.67247475
15-01-2016,18.69191919
18-01-2016,18.77125
19-01-2016,19.149375
20-01-2016,19.16875
21-01-2016,19.75875
22-01-2016,20.108125
25-01-2016,19.756875
27-01-2016,19.715625
28-01-2016,19.51071429
29-01-2016,19.32111111
01-02-2016,19.07944444
02-02-2016,18.96875
03-02-2016,18.92125
04-02-2016,18.85229167
05-02-2016,18.73723684
08-02-2016,18.75394737
09-02-2016,18.83644737
10-02-2016,19.576875
11-02-2016,20.64125
12-02-2016,22.60375
15-02-2016,23.7075
16-02-2016,23.869375
17-02-2016,24.013125
18-02-2016,23.15392857
19-02-2016,23.11928571
22-02-2016,22.89785714
23-02-2016,22.64111111
24-02-2016,22.79361111
25-02-2016,22.69083333
26-02-2016,22.775625
29-02-2016,22.850625
01-03-2016,22.24166667
02-03-2016,21.74166667
03-03-2016,21.74171053
04-03-2016,21.73776316
08-03-2016,21.61276316
09-03-2016,21.44105263
10-03-2016,21.18
11-03-2016,20.75526316
14-03-2016,20.35657895
15-03-2016,20.12113636
16-03-2016,20.07689394
17-03-2016,20.05310606
18-03-2016,20.04098485
21-03-2016,19.99530303
22-03-2016,19.94371212
23-03-2016,19.87833333
28-03-2016,19.82189394
29-03-2016,19.80280303
30-03-2016,19.72340909
31-03-2016,19.57431818
01-04-2016,19.39606061
04-04-2016,19.27259259
05-04-2016,19.25587963
06-04-2016,19.24152778
07-04-2016,19.20319444
08-04-2016,19.14226852
11-04-2016,19.10527778
12-04-2016,19.01356481
13-04-2016,18.92490741
18-04-2016,18.87333333
20-04-2016,18.84893519
21-04-2016,18.81222222
22-04-2016,18.78652778
25-04-2016,18.77060185
26-04-2016,18.7462037
27-04-2016,18.71925926
28-04-2016,18.67787037
29-04-2016,18.64805556
02-05-2016,18.61884259
03-05-2016,18.56023148
04-05-2016,18.48125
05-05-2016,18.38828704
06-05-2016,18.23268844
09-05-2016,18.2373995
10-05-2016,18.24265075
11-05-2016,18.25085427
12-05-2016,18.26170854
13-05-2016,18.2685804
16-05-2016,18.27812814
17-05-2016,18.28768844
18-05-2016,18.29197236
19-05-2016,18.29698492
20-05-2016,18.30046482
23-05-2016,18.30302764
24-05-2016,18.30444724
25-05-2016,18.30894472
26-05-2016,18.31371859
27-05-2016,18.31339196
30-05-2016,18.31555276
31-05-2016,18.32213568
01-06-2016,18.32874372
02-06-2016,18.33339196
03-06-2016,18.33149497
06-06-2016,18.32698492
07-06-2016,18.31648241
08-06-2016,18.30569095
09-06-2016,18.30128141
10-06-2016,18.29731156
13-06-2016,18.29535176
14-06-2016,18.29486181
15-06-2016,18.29594221
16-06-2016,18.2956407
17-06-2016,18.24321608
20-06-2016,18.19548995
21-06-2016,18.15530151
22-06-2016,18.13126884
23-06-2016,18.10541457
24-06-2016,18.07237437
27-06-2016,18.023125
28-06-2016,18.340625
29-06-2016,18.225625
30-06-2016,17.8971608
01-07-2016,17.84660804
04-07-2016,17.80223618
05-07-2016,17.75840452
07-07-2016,17.71125628
08-07-2016,17.66267588
11-07-2016,17.61625628
12-07-2016,17.57155779
13-07-2016,17.53530151
14-07-2016,17.52038945
15-07-2016,17.50748744
18-07-2016,17.48383166
19-07-2016,17.46021357
20-07-2016,17.43464824
21-07-2016,17.40611809
22-07-2016,17.37668342
25-07-2016,17.35594221
26-07-2016,17.33826633
27-07-2016,17.34424497
28-07-2016,17.35052013
29-07-2016,17.35671141
01-08-2016,17.35963087
02-08-2016,17.36988255
03-08-2016,17.38295302
04-08-2016,17.39526846
05-08-2016,17.40134228
08-08-2016,17.40135906
09-08-2016,17.4061745
10-08-2016,17.40803691
11-08-2016,17.39520134
12-08-2016,17.37848993
16-08-2016,17.35981544
17-08-2016,17.32775168
18-08-2016,17.3075
19-08-2016,17.27971477
22-08-2016,17.25169463
23-08-2016,17.2240604
24-08-2016,17.19246644
25-08-2016,17.15268456
26-08-2016,17.10610738
29-08-2016,17.07348993
30-08-2016,17.02114094
31-08-2016,16.96884228
01-09-2016,16.9314094
02-09-2016,16.8983557
06-09-2016,16.85729866
07-09-2016,16.8227349
08-09-2016,16.79525168
09-09-2016,16.76355528
12-09-2016,16.7504397
14-09-2016,16.74713568
15-09-2016,16.73551508
16-09-2016,16.72763819
19-09-2016,16.71704774
20-09-2016,16.70805276
21-09-2016,16.69976131
22-09-2016,16.69559045
23-09-2016,16.68479899
26-09-2016,16.67069095
27-09-2016,16.66305276
28-09-2016,16.65493719
29-09-2016,16.64425879
30-09-2016,16.65292714
03-10-2016,16.65738693
04-10-2016,16.64953518
05-10-2016,16.6354397
06-10-2016,16.62329146
07-10-2016,16.61378141
10-10-2016,16.61513819
13-10-2016,16.61409548
14-10-2016,16.62012563
17-10-2016,16.6221608
18-10-2016,16.63222362
19-10-2016,16.63620603
20-10-2016,16.63726131
21-10-2016,16.63690955
24-10-2016,16.63429648
25-10-2016,16.6366206
26-10-2016,16.63773869
27-10-2016,16.62576633
28-10-2016,16.61261307
30-10-2016,16.60306533
01-11-2016,16.58562814
02-11-2016,16.57526382
03-11-2016,16.56575377
04-11-2016,16.5544598
07-11-2016,16.54689698
08-11-2016,16.654375
09-11-2016,16.6475
10-11-2016,16.68625
11-11-2016,16.495
15-11-2016,16.57607143
16-11-2016,17.396875
17-11-2016,18.1175
18-11-2016,18.930625
21-11-2016,19.040625
22-11-2016,18.77875
23-11-2016,18.72714286
24-11-2016,18.82357143
25-11-2016,18.47666667
28-11-2016,18.50416667
29-11-2016,18.27194444
30-11-2016,18.30541667
01-12-2016,18.2625
02-12-2016,17.974375
05-12-2016,17.84354167
06-12-2016,17.75105263
07-12-2016,17.76868421
08-12-2016,17.78052632
09-12-2016,17.78407895
12-12-2016,17.66315789
13-12-2016,17.45513158
14-12-2016,17.26671053
15-12-2016,17.15526316
16-12-2016,17.09143939
19-12-2016,17.08424242
20-12-2016,17.05704545
21-12-2016,16.98856061
22-12-2016,16.93522727
23-12-2016,16.89598485
26-12-2016,16.85416667
27-12-2016,16.84909091
28-12-2016,16.8025
29-12-2016,16.80507576
30-12-2016,16.7419697
02-01-2017,16.60015152
03-01-2017,16.48886364
04-01-2017,16.40545455
05-01-2017,16.34742424
06-01-2017,16.30680556
09-01-2017,16.32685185
10-01-2017,16.34810185
11-01-2017,16.3612963
12-01-2017,16.36787037
13-01-2017,16.37763889
16-01-2017,16.37263889
17-01-2017,16.36476852
18-01-2017,16.35842593
19-01-2017,16.32851852
20-01-2017,16.30175926
23-01-2017,16.28217593
24-01-2017,16.27101852
25-01-2017,16.24351852
27-01-2017,16.21666667
30-01-2017,16.22680556
31-01-2017,16.21393519
01-02-2017,16.1675
02-02-2017,16.05
03-02-2017,15.95388889
06-02-2017,15.86726852
07-02-2017,15.76171296
08-02-2017,15.67878788
09-02-2017,15.66636364
10-02-2017,15.64914141
13-02-2017,15.63295455
14-02-2017,15.62171717
15-02-2017,15.62638889
16-02-2017,15.63613636
17-02-2017,15.62770202
20-02-2017,15.61944444
21-02-2017,15.61704545
22-02-2017,15.56729798
23-02-2017,15.53214646
27-02-2017,15.50972222
28-02-2017,15.49641414
01-03-2017,15.48497475
02-03-2017,15.47224747
03-03-2017,15.46090909
06-03-2017,15.4514899
07-03-2017,15.4334596
08-03-2017,15.42323232
09-03-2017,15.40727273
10-03-2017,15.40578283
14-03-2017,15.39916667
15-03-2017,15.38133838
16-03-2017,15.36712121
17-03-2017,15.34265152
20-03-2017,15.31608586
21-03-2017,15.2914899
22-03-2017,15.26984848
23-03-2017,15.24578283
24-03-2017,15.20886364
27-03-2017,15.17090909
28-03-2017,15.13398241
29-03-2017,15.11878141
30-03-2017,15.10076633
31-03-2017,15.08157035
03-04-2017,15.06065327
05-04-2017,15.03202261
06-04-2017,15.0043593
07-04-2017,14.9721608
10-04-2017,14.94373116
11-04-2017,14.91409548
12-04-2017,14.88462312
13-04-2017,14.85167085
17-04-2017,14.81929648
18-04-2017,14.78545226
19-04-2017,14.75452261
20-04-2017,14.73830537
21-04-2017,14.71360738
24-04-2017,14.69119128
25-04-2017,14.6707047
26-04-2017,14.64771812
27-04-2017,14.62624161
28-04-2017,14.60134228
02-05-2017,14.57567839
03-05-2017,14.56216443
04-05-2017,14.55062081
05-05-2017,14.52892617
08-05-2017,14.51374161
09-05-2017,14.49909396
10-05-2017,14.45951005
11-05-2017,14.43515075
12-05-2017,14.40925879
15-05-2017,14.38370603
16-05-2017,14.35947236
17-05-2017,14.33355528
18-05-2017,14.30850503
19-05-2017,14.29020101
22-05-2017,14.2708794
23-05-2017,14.25221106
24-05-2017,14.23724874
25-05-2017,14.2178392
26-05-2017,14.18874372
29-05-2017,14.16724874
30-05-2017,14.1543593
31-05-2017,14.14017588
01-06-2017,14.12623116
02-06-2017,14.10806533
05-06-2017,14.09096734
06-06-2017,14.07712312
07-06-2017,14.06179648
08-06-2017,14.04224874
09-06-2017,14.02474874
12-06-2017,14.00628141
13-06-2017,13.99214824
14-06-2017,13.97929648
15-06-2017,13.96770101
16-06-2017,13.95785176
19-06-2017,13.94451005
20-06-2017,13.93175879
21-06-2017,13.91988693
22-06-2017,13.90819095
23-06-2017,13.89747487
27-06-2017,13.89052764
28-06-2017,13.88930905
29-06-2017,13.88350503
30-06-2017,13.87479899
03-07-2017,13.86727387
04-07-2017,13.84697236
05-07-2017,13.82944724
06-07-2017,13.81173367
07-07-2017,13.79365578
10-07-2017,13.77319095
11-07-2017,13.75375628
12-07-2017,13.73408291
13-07-2017,13.72258794
14-07-2017,13.71253769
17-07-2017,13.69548995
18-07-2017,13.68145729
19-07-2017,13.66961055
20-07-2017,13.63345477
21-07-2017,13.60398241
24-07-2017,13.58119347
25-07-2017,13.56270101
26-07-2017,13.54253769
27-07-2017,13.5241206
28-07-2017,13.50770101
31-07-2017,13.49188442
01-08-2017,13.47417085
02-08-2017,13.45919598
03-08-2017,13.4405402
04-08-2017,13.42599246
07-08-2017,13.40979899
08-08-2017,13.39839196
09-08-2017,13.39306533
10-08-2017,13.38864322
11-08-2017,13.38522613
14-08-2017,13.805
16-08-2017,14.208125
17-08-2017,14.404375
18-08-2017,14.53875
21-08-2017,14.3825
22-08-2017,14.490625
23-08-2017,14.52071429
24-08-2017,14.29222222
28-08-2017,14.15555556
29-08-2017,13.94125
30-08-2017,13.94875
31-08-2017,13.8725
01-09-2017,13.60229167
04-09-2017,13.37666667
05-09-2017,13.43065789
06-09-2017,13.48289474
07-09-2017,13.50131579
08-09-2017,13.47789474
11-09-2017,13.43368421
12-09-2017,13.28447368
13-09-2017,13.14631579
14-09-2017,13.01565789
15-09-2017,12.93670854
18-09-2017,12.90640704
19-09-2017,12.87923367
20-09-2017,12.85298995
21-09-2017,12.84098485
22-09-2017,12.84068182
25-09-2017,12.88371212
26-09-2017,12.9275
27-09-2017,12.93227273
28-09-2017,13.235
29-09-2017,13.325625
03-10-2017,13.111875
04-10-2017,13.00821429
05-10-2017,12.86392857
06-10-2017,12.72972222
09-10-2017,12.62552764
10-10-2017,12.60972362
11-10-2017,12.59167085
12-10-2017,12.57246231
13-10-2017,12.55193467
16-10-2017,12.5251005
17-10-2017,12.5149537
18-10-2017,12.5237037
19-10-2017,12.51703704
23-10-2017,12.52606481
24-10-2017,12.53314815
25-10-2017,12.53217593
26-10-2017,12.53902778
27-10-2017,12.53388889
30-10-2017,12.50990741
31-10-2017,12.48509259
01-11-2017,12.45986111
02-11-2017,12.40324074
03-11-2017,12.35921296
06-11-2017,12.31611111
07-11-2017,12.29171296
08-11-2017,12.54375
09-11-2017,12.945
10-11-2017,13.284375
13-11-2017,13.3975
14-11-2017,13.599375
15-11-2017,13.738125
16-11-2017,13.9875
17-11-2017,13.984375
20-11-2017,13.90125
21-11-2017,13.79392857
22-11-2017,13.82821429
23-11-2017,13.82714286
24-11-2017,13.85555556
27-11-2017,13.79638889
28-11-2017,13.72645833
29-11-2017,13.69916667
30-11-2017,13.61708333
01-12-2017,13.56583333
04-12-2017,13.65184211
05-12-2017,14.065
06-12-2017,14.551875
07-12-2017,14.93625
08-12-2017,14.805625
11-12-2017,14.51
12-12-2017,14.54821429
13-12-2017,14.615
14-12-2017,14.78277778
15-12-2017,15.440625
18-12-2017,15.63875
19-12-2017,15.101875
20-12-2017,14.575
21-12-2017,14.3525
22-12-2017,14.10895833
26-12-2017,13.96368421
27-12-2017,13.90605263
28-12-2017,13.87618421
29-12-2017,13.81026316
01-01-2018,13.69842105
02-01-2018,13.67295455
03-01-2018,13.65537879
04-01-2018,13.66022727
05-01-2018,13.65121212
08-01-2018,13.64151515
09-01-2018,13.64212121
10-01-2018,13.63636364
11-01-2018,13.6825
12-01-2018,13.9075
15-01-2018,13.906875
16-01-2018,14.02125
17-01-2018,14.03375
18-01-2018,13.995625
19-01-2018,14.0525
22-01-2018,13.99107143
23-01-2018,14.29875
24-01-2018,14.89
25-01-2018,15.91
29-01-2018,16.79125
30-01-2018,17.415
31-01-2018,17.4625
01-02-2018,16.935
02-02-2018,16.5875
05-02-2018,16.44821429
06-02-2018,16.37944444
07-02-2018,16.80055556
08-02-2018,17.695625
09-02-2018,18.32625
12-02-2018,19.120625
14-02-2018,18.5875
15-02-2018,18.22892857
16-02-2018,18.26642857
19-02-2018,17.81055556
20-02-2018,17.87888889
21-02-2018,17.52916667
22-02-2018,17.47916667
23-02-2018,17.3775
26-02-2018,16.893125
27-02-2018,16.53592105
28-02-2018,16.40473684
01-03-2018,16.29289474
05-03-2018,16.29105263
06-03-2018,16.29868421
07-03-2018,16.30881579
08-03-2018,16.08171053
09-03-2018,16.08795455
12-03-2018,16.10507576
13-03-2018,16.1205303
14-03-2018,16.09234848
15-03-2018,16.03590909
16-03-2018,15.92348485
19-03-2018,15.85416667
20-03-2018,15.79151515
21-03-2018,15.76704545
22-03-2018,15.74212121
23-03-2018,15.77666667
26-03-2018,15.78560606
27-03-2018,15.75962121
28-03-2018,15.62431818
02-04-2018,15.55560185
03-04-2018,15.58337963
04-04-2018,15.60467593
05-04-2018,15.6575
06-04-2018,15.6675
09-04-2018,15.67569444
10-04-2018,15.69018519
11-04-2018,15.70199074
12-04-2018,15.71606481
13-04-2018,15.72675926
16-04-2018,15.70356481
17-04-2018,15.66717593
18-04-2018,15.59314815
19-04-2018,15.53023148
20-04-2018,15.45356481
23-04-2018,15.38916667
24-04-2018,15.33759259
25-04-2018,15.29662037
26-04-2018,15.24375
27-04-2018,15.16939815
30-04-2018,15.0212963
02-05-2018,14.88976852
03-05-2018,14.79842593
04-05-2018,14.68911616
07-05-2018,14.67878788
08-05-2018,14.67967172
09-05-2018,14.67873737
10-05-2018,14.66873737
11-05-2018,14.65338384
14-05-2018,14.62883838
15-05-2018,14.62181818
16-05-2018,14.62232323
17-05-2018,14.63492424
18-05-2018,14.64727273
21-05-2018,14.66813131
22-05-2018,14.69664141
23-05-2018,14.71229798
24-05-2018,14.72911616
25-05-2018,14.73767677
28-05-2018,14.73742424
29-05-2018,14.73441919
30-05-2018,14.72820707
31-05-2018,14.72606061
01-06-2018,14.72411616
04-06-2018,14.72873737
05-06-2018,14.73022727
06-06-2018,14.72484848
07-06-2018,14.70984848
08-06-2018,14.69737374
11-06-2018,14.68691919
12-06-2018,14.67555556
13-06-2018,14.66186869
14-06-2018,14.64949495
15-06-2018,14.63065657
18-06-2018,14.61133838
19-06-2018,14.58090909
20-06-2018,14.54752525
21-06-2018,14.48825758
22-06-2018,14.43714646
25-06-2018,14.37790404
26-06-2018,14.33919192
27-06-2018,14.30755051
28-06-2018,14.30151515
29-06-2018,14.28835859
02-07-2018,14.25689394
03-07-2018,14.24298658
04-07-2018,14.24278523
05-07-2018,14.23949664
06-07-2018,14.23624161
09-07-2018,14.22880872
10-07-2018,14.21266779
11-07-2018,14.19615772
12-07-2018,14.1811745
13-07-2018,14.16384228
16-07-2018,14.15062081
17-07-2018,14.14575503
18-07-2018,14.13687919
19-07-2018,14.12627517
20-07-2018,14.11048658
23-07-2018,14.09120805
24-07-2018,14.07822148
25-07-2018,14.07387584
26-07-2018,14.07401007
27-07-2018,14.07295302
30-07-2018,14.07446309
31-07-2018,14.08115772
01-08-2018,14.08402685
02-08-2018,14.08427852
03-08-2018,14.08600671
06-08-2018,14.0820302
07-08-2018,14.07672819
08-08-2018,14.0692953
09-08-2018,14.0620302
10-08-2018,14.05708054
13-08-2018,14.05531879
14-08-2018,14.05307047
16-08-2018,14.04927852
17-08-2018,14.04666107
20-08-2018,14.0409396
21-08-2018,14.03624161
23-08-2018,14.02682886
24-08-2018,14.01791946
27-08-2018,14.00817114
28-08-2018,13.99661074
29-08-2018,13.98615772
30-08-2018,13.96630872
31-08-2018,13.94072148
03-09-2018,13.90419463
04-09-2018,13.89501256
05-09-2018,13.8966206
06-09-2018,13.89630653
07-09-2018,13.89776382
10-09-2018,13.89864322
11-09-2018,14.11625
12-09-2018,14.53625
14-09-2018,14.668125
17-09-2018,14.65625
18-09-2018,14.479375
19-09-2018,14.48928571
21-09-2018,14.50571429
24-09-2018,14.6125
25-09-2018,15.345625
26-09-2018,15.9125
27-09-2018,16.683125
28-09-2018,17.03
01-10-2018,16.921875
03-10-2018,16.96
04-10-2018,17.2175
05-10-2018,17.715625
08-10-2018,18.4
09-10-2018,19.228125
10-10-2018,19.6375
11-10-2018,19.385625
12-10-2018,19.589375
15-10-2018,19.37607143
16-10-2018,19.37178571
17-10-2018,19.09888889
19-10-2018,18.995
22-10-2018,19.00111111
23-10-2018,19.25125
24-10-2018,19.540625
25-10-2018,19.765625
26-10-2018,19.559375
29-10-2018,19.31964286
30-10-2018,19.58321429
31-10-2018,19.68535714
01-11-2018,19.839375
02-11-2018,19.829375
05-11-2018,19.430625
06-11-2018,19.52395833
07-11-2018,19.41708333
09-11-2018,19.16555556
12-11-2018,19.008125
13-11-2018,19.04875
14-11-2018,19.03657895
15-11-2018,19.11302632
16-11-2018,19.13802632
19-11-2018,19.06236842
20-11-2018,18.97121212
21-11-2018,19.04674242
22-11-2018,19.121875
26-11-2018,19.324375
27-11-2018,19.61125
28-11-2018,19.358125
29-11-2018,19.13928571
30-11-2018,19.05964286
03-12-2018,19.09277778
04-12-2018,18.97805556
05-12-2018,18.95424242
06-12-2018,18.98507576
07-12-2018,19.02522727
10-12-2018,18.98893939
11-12-2018,19.180625
12-12-2018,19.069375
13-12-2018,18.83492424
14-12-2018,18.73151515
17-12-2018,18.65092593
18-12-2018,18.60375
19-12-2018,18.56032407
20-12-2018,18.51708333
21-12-2018,18.47074074
24-12-2018,18.43138889
26-12-2018,18.37277778
27-12-2018,18.30217593
28-12-2018,18.22671296
31-12-2018,18.14365741
01-01-2019,18.10833333
02-01-2019,18.01162037
03-01-2019,17.97013889
04-01-2019,17.93134259
07-01-2019,17.90893519
08-01-2019,17.87787037
09-01-2019,17.80217593
10-01-2019,17.68944444
11-01-2019,17.62106481
14-01-2019,17.55574074
15-01-2019,17.5037963
16-01-2019,17.4362037
17-01-2019,17.36680556
18-01-2019,17.28791667
21-01-2019,17.22902778
22-01-2019,17.20967593
23-01-2019,17.248125
24-01-2019,17.70875
25-01-2019,17.913125
28-01-2019,17.79875
29-01-2019,18.026875
30-01-2019,18.1125
31-01-2019,18.21625
01-02-2019,18.074375
04-02-2019,17.69027778
05-02-2019,17.475
06-02-2019,17.45881313
07-02-2019,17.46184343
08-02-2019,17.47381313
11-02-2019,17.49123737
12-02-2019,17.50482323
13-02-2019,17.51830808
14-02-2019,17.53573232
15-02-2019,17.53813131
18-02-2019,17.52835859
19-02-2019,17.54166667
20-02-2019,17.55560606
21-02-2019,17.55694444
22-02-2019,17.54742424
25-02-2019,17.53343434
26-02-2019,17.50555556
27-02-2019,17.48737374
28-02-2019,17.47893939
01-03-2019,17.46005051
05-03-2019,17.64125
06-03-2019,17.40217172
07-03-2019,17.35229798
08-03-2019,17.31861111
11-03-2019,17.27876263
12-03-2019,17.25373737
13-03-2019,17.22462121
14-03-2019,17.17906566
15-03-2019,17.11636364
18-03-2019,17.08431818
19-03-2019,17.06431818
20-03-2019,17.03936869
22-03-2019,17.00704545
25-03-2019,16.97118687
26-03-2019,16.9325
27-03-2019,16.8990404
28-03-2019,16.87737374
29-03-2019,16.86143939
01-04-2019,16.8425
02-04-2019,17.2225
03-04-2019,17.48125
04-04-2019,18.01375
05-04-2019,18.38
08-04-2019,18.476875
09-04-2019,18.994375
10-04-2019,19.36875
11-04-2019,19.98875
12-04-2019,20.63
15-04-2019,20.84125
16-04-2019,21.118125
18-04-2019,21.25875
22-04-2019,21.703125
23-04-2019,22.46625
24-04-2019,23.280625
25-04-2019,23.785625
26-04-2019,23.91
30-04-2019,23.326875
02-05-2019,23.13142857
03-05-2019,23.16678571
06-05-2019,23.215
07-05-2019,23.81875
08-05-2019,24.98125
09-05-2019,25.826875
10-05-2019,26.19
13-05-2019,26.165625
14-05-2019,26.391875
15-05-2019,26.58375
16-05-2019,27.376875
17-05-2019,27.885625
20-05-2019,28.05875
21-05-2019,27.194375
22-05-2019,26.99214286
23-05-2019,27.02785714
24-05-2019,26.22027778
27-05-2019,25.35583333
28-05-2019,24.66197368
29-05-2019,24.35118421
30-05-2019,24.00513158
31-05-2019,23.56184211
03-06-2019,23.01631579
04-06-2019,22.80977273
06-06-2019,22.64704545
07-06-2019,22.46939394
10-06-2019,22.26227273
11-06-2019,22.02712121
12-06-2019,21.73742424
13-06-2019,21.41856061
14-06-2019,21.11393939
17-06-2019,20.83098485
18-06-2019,20.61681818
19-06-2019,20.50731481
20-06-2019,20.47171296
21-06-2019,20.41273148
24-06-2019,20.34986111
25-06-2019,20.29689815
26-06-2019,20.22703704
27-06-2019,20.15481481
28-06-2019,20.08541667
01-07-2019,19.98912037
02-07-2019,19.88398148
03-07-2019,19.75657407
04-07-2019,19.62208333
05-07-2019,19.4837963
08-07-2019,19.32967593
09-07-2019,19.18449074
10-07-2019,19.01694444
11-07-2019,18.82407407
12-07-2019,18.59861111
15-07-2019,18.38166667
16-07-2019,18.17402778
17-07-2019,18.08401515
18-07-2019,18.01666667
19-07-2019,17.96308081
22-07-2019,17.92734848
23-07-2019,17.90270202
24-07-2019,17.88320707
25-07-2019,17.83921717
26-07-2019,17.7759596
29-07-2019,17.71388889
30-07-2019,17.68143939
31-07-2019,17.66078283
01-08-2019,17.64037879
02-08-2019,17.63295455
05-08-2019,17.63545455
06-08-2019,17.65252525
07-08-2019,17.66285354
08-08-2019,17.67762626
09-08-2019,17.68714646
13-08-2019,17.68694444
14-08-2019,17.69580808
16-08-2019,17.69444444
19-08-2019,17.70065657
20-08-2019,17.70542929
21-08-2019,17.70502525
22-08-2019,17.71045455
23-08-2019,17.71858586
26-08-2019,17.72560606
27-08-2019,17.72025253
28-08-2019,17.70010101
29-08-2019,17.6875
30-08-2019,17.66368687
03-09-2019,17.63977273
04-09-2019,17.63636364
05-09-2019,17.60689394
06-09-2019,17.57651515
09-09-2019,17.52747475
11-09-2019,17.47590909
12-09-2019,17.41909091
13-09-2019,17.35356061
16-09-2019,17.27707071
17-09-2019,17.21028523
18-09-2019,17.21187919
19-09-2019,17.21001678
20-09-2019,17.21078859
23-09-2019,17.20966443
24-09-2019,17.21605705
25-09-2019,17.22265101
26-09-2019,17.22560403
27-09-2019,17.22942953
30-09-2019,17.22711409
01-10-2019,17.21283557
03-10-2019,17.20135906
04-10-2019,17.2057047
07-10-2019,17.21595638
09-10-2019,17.4675
10-10-2019,17.566875
11-10-2019,17.448125
14-10-2019,17.34178571
15-10-2019,17.43785714
16-10-2019,17.31607143
17-10-2019,17.25277778
18-10-2019,17.23763423
22-10-2019,17.24189597
23-10-2019,17.25444631
24-10-2019,17.26545302
25-10-2019,17.27312081
29-10-2019,17.27337248
30-10-2019,17.28189597
31-10-2019,17.28721477
01-11-2019,17.28305369
04-11-2019,17.27795302
05-11-2019,17.27723154
06-11-2019,17.27483221
07-11-2019,17.26880872
08-11-2019,17.2602349
11-11-2019,17.25223154
13-11-2019,17.2495302
14-11-2019,17.24468121
15-11-2019,17.22887584
18-11-2019,17.20838926
19-11-2019,17.18807047
20-11-2019,17.16634228
21-11-2019,17.14464765
22-11-2019,17.10989933
25-11-2019,17.07360738
26-11-2019,17.03248322
27-11-2019,16.9914094
28-11-2019,16.9485906
29-11-2019,16.91778894
02-12-2019,16.90863065
03-12-2019,16.90099246
04-12-2019,16.89487437
05-12-2019,16.88327889
06-12-2019,16.8776005
09-12-2019,16.86791457
10-12-2019,16.86167085
11-12-2019,16.85433417
12-12-2019,16.84251256
13-12-2019,16.83032663
16-12-2019,16.81444724
17-12-2019,16.79140704
18-12-2019,16.76150754
19-12-2019,16.73780151
20-12-2019,16.71805276
23-12-2019,16.70234925
24-12-2019,16.68526382
26-12-2019,16.65767588
27-12-2019,16.61860553
30-12-2019,16.57964824
31-12-2019,16.55317839
01-01-2020,16.53312814
02-01-2020,16.51296482
03-01-2020,16.49385678
06-01-2020,16.48257538
07-01-2020,16.48198492
08-01-2020,16.47953518
09-01-2020,16.48135678
10-01-2020,16.47556533
13-01-2020,16.46658291
14-01-2020,16.45339196
15-01-2020,16.44042714
16-01-2020,16.43081658
17-01-2020,16.42030151
20-01-2020,16.40751256
21-01-2020,16.40211055
22-01-2020,16.39615578
23-01-2020,16.39468593
24-01-2020,16.38800251
27-01-2020,16.37571608
28-01-2020,16.37115578
29-01-2020,16.471875
30-01-2020,16.6325
31-01-2020,16.941875
01-02-2020,16.99
03-02-2020,16.874375
04-02-2020,16.82178571
05-02-2020,16.4225
06-02-2020,16.25611111
07-02-2020,16.18110553
10-02-2020,16.1411809
11-02-2020,16.09834171
12-02-2020,16.04723618
13-02-2020,15.99184673
14-02-2020,15.93987437
17-02-2020,15.89154523
18-02-2020,15.85484925
19-02-2020,15.81807789
20-02-2020,15.77305276
24-02-2020,15.72113065
25-02-2020,15.67371859
26-02-2020,15.62557789
27-02-2020,16.46375
28-02-2020,17.48
02-03-2020,19.039375
03-03-2020,21.115625
04-03-2020,22.68625
05-03-2020,24.30125
06-03-2020,24.304375
09-03-2020,24.414375
11-03-2020,25.97875
12-03-2020,27.81125
13-03-2020,32.29
16-03-2020,38.7475
17-03-2020,45.76625
18-03-2020,53.60875
19-03-2020,59.306875
20-03-2020,64.488125
23-03-2020,66.544375
24-03-2020,68.809375
25-03-2020,73.7225
26-03-2020,75.079375
27-03-2020,76.1875
30-03-2020,75.7875
31-03-2020,73.44642857
01-04-2020,73.06178571
03-04-2020,71.35714286
07-04-2020,69.64305556
08-04-2020,68.15708333
09-04-2020,66.49416667
13-04-2020,65.04791667
15-04-2020,63.60828947
16-04-2020,63.51684211
17-04-2020,62.84421053
20-04-2020,61.77407895
21-04-2020,60.69513158
22-04-2020,59.27407895
23-04-2020,57.99631579
24-04-2020,56.27236842
27-04-2020,53.93078947
28-04-2020,52.94704545
29-04-2020,53.31393939
30-04-2020,53.56227273
04-05-2020,53.65886364
05-05-2020,54.02598485
06-05-2020,54.10007576
07-05-2020,53.79022727
08-05-2020,53.21613636
11-05-2020,52.47318182
12-05-2020,51.68780303
13-05-2020,50.65772727
14-05-2020,49.80121212
15-05-2020,48.77689394
18-05-2020,47.39537879
19-05-2020,46.28295455
20-05-2020,45.59574074
21-05-2020,45.92074074
22-05-2020,46.20259259
26-05-2020,46.37189815
27-05-2020,46.48796296
28-05-2020,46.61259259
29-05-2020,46.71986111
01-06-2020,46.84898148
02-06-2020,46.94342593
03-06-2020,46.93074074
04-06-2020,46.90273148
05-06-2020,46.69027778
08-06-2020,46.26819444
09-06-2020,45.72694444
10-06-2020,45.12101852
11-06-2020,44.48180556
12-06-2020,43.69407407
15-06-2020,43.02226852
16-06-2020,42.2925
17-06-2020,41.35467593
18-06-2020,40.53486111
19-06-2020,39.79268519
22-06-2020,39.04416667
23-06-2020,38.27694444
24-06-2020,37.6275463
25-06-2020,37.06319444
26-06-2020,36.58958333
29-06-2020,36.1624537
30-06-2020,36.06434343
01-07-2020,36.18840909
02-07-2020,36.31300505
03-07-2020,36.43550505
06-07-2020,36.55262626
07-07-2020,36.66795455
08-07-2020,36.78265152
09-07-2020,36.90275253
10-07-2020,37.01419192
13-07-2020,37.12853535
14-07-2020,37.24856061
15-07-2020,37.38010101
16-07-2020,37.50005051
17-07-2020,37.60967172
20-07-2020,37.71204545
21-07-2020,37.82328283
22-07-2020,37.89833333
23-07-2020,37.97901515
24-07-2020,38.0434596
27-07-2020,38.11184343
28-07-2020,38.12984848
29-07-2020,38.11409091
30-07-2020,38.10974747
31-07-2020,38.11482323
03-08-2020,38.12436869
04-08-2020,38.11974747
05-08-2020,38.04919192
06-08-2020,37.9685101
07-08-2020,37.78656566
10-08-2020,37.49469697
11-08-2020,37.12737374
12-08-2020,36.70752525
13-08-2020,36.27207071
14-08-2020,35.75055556
17-08-2020,35.29169192
18-08-2020,34.77979798
19-08-2020,34.14164141
20-08-2020,33.55914141
21-08-2020,33.04484848
24-08-2020,32.53527778
25-08-2020,32.00335859
26-08-2020,31.54787879
27-08-2020,31.52338926
28-08-2020,31.54040268
31-08-2020,31.55713087
01-09-2020,31.60595638
02-09-2020,31.63699664
03-09-2020,31.66255034
04-09-2020,31.68942953
07-09-2020,31.72536913
08-09-2020,31.75651007
09-09-2020,31.79602349
10-09-2020,31.8392953
11-09-2020,31.88548658
14-09-2020,31.92937919
15-09-2020,31.97911074
16-09-2020,32.02508389
17-09-2020,32.06166107
18-09-2020,32.10340604
21-09-2020,32.14651007
22-09-2020,32.20568792
23-09-2020,32.25800336
24-09-2020,32.30213087
25-09-2020,32.36253356
28-09-2020,32.40718121
29-09-2020,32.44659396
30-09-2020,32.4652349
01-10-2020,32.48290268
05-10-2020,32.48350671
06-10-2020,32.49652685
07-10-2020,32.47236577
08-10-2020,32.43785235
09-10-2020,32.40991611
12-10-2020,32.38411074
13-10-2020,32.36988255
14-10-2020,32.33681208
15-10-2020,32.26573826
16-10-2020,32.20199664
19-10-2020,32.07100671
20-10-2020,31.87197987
21-10-2020,31.62912752
22-10-2020,31.36060403
23-10-2020,31.08328859
26-10-2020,30.7452349
27-10-2020,30.44813758
28-10-2020,30.11397651
29-10-2020,29.70909396
30-10-2020,29.34934564
02-11-2020,29.03538591
03-11-2020,28.86755025
04-11-2020,28.91836683
05-11-2020,28.95751256
06-11-2020,28.98315327
09-11-2020,29.00394472
10-11-2020,29.0253392
11-11-2020,29.05557789
12-11-2020,29.07998744
13-11-2020,29.09668342
17-11-2020,29.11278894
18-11-2020,29.12788945
19-11-2020,29.13669598
20-11-2020,29.1504397
23-11-2020,29.16971106
24-11-2020,29.2019598
25-11-2020,29.23655779
26-11-2020,29.28353015
27-11-2020,29.31506281
01-12-2020,29.34324121
02-12-2020,29.37491206
03-12-2020,29.40649497
04-12-2020,29.43478643
07-12-2020,29.4569598
08-12-2020,29.4751005
09-12-2020,29.49574121
10-12-2020,29.52035176
11-12-2020,29.5455402
14-12-2020,29.55454774
15-12-2020,29.56713568
16-12-2020,29.57258794
17-12-2020,29.57979899
18-12-2020,29.55930905
21-12-2020,29.52624372
22-12-2020,29.51944724
23-12-2020,29.50819095
24-12-2020,29.4943593
28-12-2020,29.46584171
29-12-2020,29.41371859
30-12-2020,29.35962312
31-12-2020,29.25885678
01-01-2021,29.10620603
04-01-2021,28.90864322
05-01-2021,28.69309045
06-01-2021,28.47452261
07-01-2021,28.21722362
08-01-2021,27.98363065
11-01-2021,27.72561558
12-01-2021,27.41795226
13-01-2021,27.14268844
14-01-2021,26.90027638
15-01-2021,26.66229899
18-01-2021,26.42169598
19-01-2021,26.22062814
20-01-2021,26.0339196
21-01-2021,25.86430905
22-01-2021,25.71546482
25-01-2021,25.56561558
27-01-2021,25.43244975
28-01-2021,25.29644472
29-01-2021,25.1685804
01-02-2021,25.06429648
02-02-2021,24.96746231
03-02-2021,24.86640704
04-02-2021,24.75860553
05-02-2021,24.65961055
08-02-2021,24.58013819
09-02-2021,24.50395729
10-02-2021,24.43474874
11-02-2021,24.37744975
12-02-2021,24.32321608
15-02-2021,24.26319095
16-02-2021,24.15165829
17-02-2021,24.04197236
18-02-2021,23.94276382
19-02-2021,23.85036432
22-02-2021,23.76917085
23-02-2021,23.70601759
24-02-2021,23.64080402
25-02-2021,24.27875
26-02-2021,24.439375
01-03-2021,25.1075
02-03-2021,25.206875
03-03-2021,25.06625
04-03-2021,24.865625
05-03-2021,24.59666667
08-03-2021,24.60666667
09-03-2021,24.83535714
10-03-2021,24.50833333
12-03-2021,24.12111111
15-03-2021,23.82145833
16-03-2021,23.57645833
17-03-2021,23.35125
18-03-2021,23.25907895
19-03-2021,23.18210526
22-03-2021,23.06302632
23-03-2021,22.8725
24-03-2021,22.79833333
25-03-2021,22.83527778
26-03-2021,22.86680556
30-03-2021,22.8674537
31-03-2021,22.86458333
01-04-2021,22.83240741
05-04-2021,22.77944444
06-04-2021,22.74097222
07-04-2021,22.70046296
08-04-2021,22.63078704
09-04-2021,22.55518519
12-04-2021,22.4975463
13-04-2021,22.52430556
15-04-2021,22.4924537
16-04-2021,22.46407407
19-04-2021,22.41143519
20-04-2021,22.37611111
22-04-2021,22.34157407
23-04-2021,22.29865741
26-04-2021,22.65625
27-04-2021,22.90875
28-04-2021,23.073125
29-04-2021,22.961875
30-04-2021,23.115625
03-05-2021,23.02928571
04-05-2021,23.15125
05-05-2021,23.25875
06-05-2021,22.98277778
07-05-2021,22.91
10-05-2021,22.72729167
11-05-2021,22.49395833
12-05-2021,22.255625
14-05-2021,22.10686869
17-05-2021,22.11765152
18-05-2021,22.12219697
19-05-2021,22.12843434
20-05-2021,22.08931818
21-05-2021,22.06575758
24-05-2021,22.05146465
25-05-2021,22.04300505
26-05-2021,22.02699495
27-05-2021,22.02782828
28-05-2021,22.01570707
31-05-2021,21.97840909
01-06-2021,21.95138889
02-06-2021,21.92469697
03-06-2021,21.89186869
04-06-2021,21.83883838
07-06-2021,21.79161616
08-06-2021,21.74037879
09-06-2021,21.66808081
10-06-2021,21.58631313
11-06-2021,21.50257576
14-06-2021,21.41242424
15-06-2021,21.31853535
16-06-2021,21.21964646
17-06-2021,21.1385101
18-06-2021,21.07525253
21-06-2021,21.02419598
22-06-2021,20.98512563
23-06-2021,20.94963568
24-06-2021,20.92079146
25-06-2021,20.89363065
28-06-2021,20.84948492
29-06-2021,20.80624372
30-06-2021,20.7573995
01-07-2021,20.71124372
02-07-2021,20.6689196
05-07-2021,20.62559045
06-07-2021,20.57974874
07-07-2021,20.53792714
08-07-2021,20.50050251
09-07-2021,20.46763819
12-07-2021,20.43194724
13-07-2021,20.38574121
14-07-2021,20.34158291
15-07-2021,20.29937186
16-07-2021,20.24288945
19-07-2021,20.19781407
20-07-2021,20.16317839
22-07-2021,20.13016332
23-07-2021,20.09174623
26-07-2021,20.05864322
27-07-2021,20.02218593
28-07-2021,19.99001256
29-07-2021,19.95801508
30-07-2021,19.92065327
02-08-2021,19.88257538
03-08-2021,19.84075377
04-08-2021,19.80574121
05-08-2021,19.77057789
06-08-2021,19.72442211
09-08-2021,19.67900754
10-08-2021,19.63271357
11-08-2021,19.58253769
12-08-2021,19.53126884
13-08-2021,19.47969849
16-08-2021,19.43528894
17-08-2021,19.38817839
18-08-2021,19.34404523
20-08-2021,19.29190955
23-08-2021,19.2416206
24-08-2021,19.18600503
25-08-2021,19.12559045
26-08-2021,19.07160804
27-08-2021,19.02305276
30-08-2021,18.98506281
31-08-2021,18.94898241
01-09-2021,18.9208794
02-09-2021,18.88373116
03-09-2021,18.84457286
06-09-2021,18.81403266
07-09-2021,18.79092965
08-09-2021,18.76626884
09-09-2021,18.7426005
13-09-2021,18.71432161
14-09-2021,18.68621859
15-09-2021,18.64992462
16-09-2021,18.61310302
17-09-2021,18.56930905
20-09-2021,18.54523869
21-09-2021,18.53355528
22-09-2021,18.51515075
23-09-2021,18.49798995
24-09-2021,18.48594221
27-09-2021,18.48038945
28-09-2021,18.48052764
29-09-2021,18.48011307
30-09-2021,18.47969849
01-10-2021,18.4781407
04-10-2021,18.47020101
05-10-2021,18.45679648
06-10-2021,18.44198492
07-10-2021,18.4326005
08-10-2021,18.41751256
11-10-2021,18.40258794
12-10-2021,18.36688442
13-10-2021,18.33604271
14-10-2021,18.31395729
18-10-2021,18.29285176
19-10-2021,18.27655779
20-10-2021,18.25943467
21-10-2021,18.24537688
22-10-2021,18.23
25-10-2021,18.21987437
26-10-2021,18.20771357
27-10-2021,18.18908291
28-10-2021,18.1681407
29-10-2021,18.1545603
01-11-2021,18.13840452
02-11-2021,18.11253769
03-11-2021,18.08346734
04-11-2021,18.04744975
08-11-2021,18.01086683
09-11-2021,17.97232412
10-11-2021,17.93015075
11-11-2021,17.89702261
12-11-2021,17.87090452
15-11-2021,17.83591709
16-11-2021,17.80095477
17-11-2021,17.76050251
18-11-2021,17.71320352
22-11-2021,17.66580402
23-11-2021,17.62649497
24-11-2021,17.59982412
25-11-2021,17.56841709
26-11-2021,17.53282663
29-11-2021,18.14375
30-11-2021,18.8475
01-12-2021,19.865625
02-12-2021,20.561875
03-12-2021,19.883125
06-12-2021,19.35035714
07-12-2021,19.83821429
08-12-2021,19.50357143
09-12-2021,19.39916667
10-12-2021,18.9325
13-12-2021,18.65979167
14-12-2021,18.65208333
15-12-2021,18.33125
16-12-2021,18.03020833
17-12-2021,18.06223684
20-12-2021,18
21-12-2021,18.05
22-12-2021,18.07328947
23-12-2021,18.06894737
24-12-2021,17.80697368
27-12-2021,17.56052632
28-12-2021,17.34736842
29-12-2021,17.27984848
30-12-2021,17.27651515
31-12-2021,17.31734848
03-01-2022,17.34030303
04-01-2022,17.37840909
05-01-2022,17.41295455
06-01-2022,17.48477273
07-01-2022,17.49863636
10-01-2022,17.48613636
11-01-2022,17.62125
12-01-2022,17.75375
13-01-2022,17.555
14-01-2022,17.44714286
17-01-2022,17.35107143
18-01-2022,17.27222222
19-01-2022,17.33361111
20-01-2022,17.31583333
21-01-2022,17.538125
24-01-2022,18.06875
25-01-2022,19.33
27-01-2022,20.215
28-01-2022,21.03375
31-01-2022,21.485625
01-02-2022,21.2675
02-02-2022,20.96571429
03-02-2022,20.93178571
04-02-2022,20.50777778
07-02-2022,20.50888889
08-02-2022,20.24361111
09-02-2022,20.29916667
10-02-2022,20.27145833
11-02-2022,19.84520833
14-02-2022,19.62208333
15-02-2022,19.78145833
16-02-2022,19.995
17-02-2022,20.715625
18-02-2022,21.546875
21-02-2022,21.34375
22-02-2022,21.91625
23-02-2022,23.43375
24-02-2022,24.068125
25-02-2022,26.5225
28-02-2022,27.481875
02-03-2022,27.95875
03-03-2022,29.13125
04-03-2022,28.174375
07-03-2022,28.47875
08-03-2022,28.8525
09-03-2022,28.5075
10-03-2022,28.66916667
11-03-2022,28.04464286
14-03-2022,27.80305556
15-03-2022,27.885625
16-03-2022,27.44791667
17-03-2022,27.229375
21-03-2022,26.73270833
22-03-2022,26.67447368
23-03-2022,26.73592105
24-03-2022,26.63513158
25-03-2022,26.60289474
28-03-2022,26.15276316
29-03-2022,25.93539474
30-03-2022,25.55289474
31-03-2022,25.09907895
01-04-2022,24.70022727
04-04-2022,24.69280303
05-04-2022,24.53916667
06-04-2022,24.47477273
07-04-2022,24.42719697
08-04-2022,24.33606061
11-04-2022,24.20037879
12-04-2022,24.06
13-04-2022,23.80227273
18-04-2022,23.5975
19-04-2022,23.21424242
20-04-2022,23.00318182
21-04-2022,22.70325758
22-04-2022,22.38083333
25-04-2022,22.35074074
26-04-2022,22.39902778
27-04-2022,22.39953704
28-04-2022,22.43115741
29-04-2022,22.41152778
02-05-2022,22.40652778
04-05-2022,22.43851852
05-05-2022,22.51569444
06-05-2022,22.54555556
09-05-2022,22.51356481
10-05-2022,22.53986111
11-05-2022,22.57152778
12-05-2022,22.5862963
13-05-2022,22.850625
16-05-2022,23.21375
17-05-2022,23.77
18-05-2022,23.755
19-05-2022,23.2625
20-05-2022,23.530625
23-05-2022,23.5675
24-05-2022,23.46361111
25-05-2022,24.1725
26-05-2022,24.35375
27-05-2022,24.258125
30-05-2022,23.77875
31-05-2022,23.26666667
01-06-2022,23.01604167
02-06-2022,22.79868421
03-06-2022,22.74973684
06-06-2022,22.64144737
07-06-2022,22.53092105
08-06-2022,22.40578947
09-06-2022,22.17276316
10-06-2022,21.94407895
13-06-2022,21.80603535
14-06-2022,21.86260101
15-06-2022,21.90409091
16-06-2022,21.94782828
17-06-2022,22.316875
